0.0000,5.2845,7.1329,8.0767,8.6499,9.0351,9.3117,9.5200,9.6826,9.8129,9.9198,10.0090,10.0846,10.1495,10.2058,10.2551,10.2987,10.3374,10.3721,10.4033,10.4316,10.4573,10.4808,10.5023,10.5221,10.5404,10.5574,10.5731,10.5878,10.6015,10.6143,10.6263,10.6376,10.6482,10.6582,10.6677,10.6767,10.6851,10.6932,10.7008,10.7081,10.7150,10.7217,10.7280,10.7340,10.7398,10.7453,10.7506,10.7557,10.7605,10.7652,10.7697,10.7741,10.7782,10.7823,10.7861,10.7899,10.7935,10.7970,10.8004,10.8036,10.8068,10.8099,10.8128,10.8157,10.8185,10.8212,10.8238,10.8264,10.8288,10.8313,10.8336,10.8359,10.8381,10.8402,10.8423,10.8444,10.8464,10.8483,10.8502,10.8521,10.8539,10.8556,10.8573,10.8590,10.8607,10.8622,10.8638,10.8653,10.8668,10.8683,10.8697,10.8711,10.8725,10.8738,10.8751,10.8764,10.8777,10.8789,10.8801
5.2845,0.0000,3.5664,5.3845,6.4874,7.2280,7.7597,8.1600,8.4722,8.7226,8.9278,9.0991,9.2443,9.3688,9.4768,9.5714,9.6550,9.7293,9.7958,9.8558,9.9100,9.9593,10.0044,10.0457,10.0837,10.1188,10.1513,10.1815,10.2097,10.2359,10.2605,10.2835,10.3052,10.3255,10.3448,10.3629,10.3801,10.3964,10.4118,10.4265,10.4404,10.4537,10.4664,10.4785,10.4900,10.5011,10.5117,10.5218,10.5316,10.5409,10.5499,10.5586,10.5669,10.5749,10.5826,10.5900,10.5972,10.6041,10.6108,10.6173,10.6236,10.6296,10.6355,10.6412,10.6467,10.6521,10.6572,10.6623,10.6672,10.6719,10.6765,10.6810,10.6854,10.6896,10.6938,10.6978,10.7017,10.7055,10.7092,10.7129,10.7164,10.7199,10.7232,10.7265,10.7297,10.7329,10.7359,10.7389,10.7419,10.7447,10.7475,10.7503,10.7530,10.7556,10.7582,10.7607,10.7631,10.7656,10.7679,10.7702
7.1329,3.5664,0.0000,2.6922,4.3250,5.4210,6.2078,6.8000,7.2619,7.6323,7.9358,8.1892,8.4039,8.5881,8.7478,8.8878,9.0113,9.1212,9.2196,9.3082,9.3884,9.4613,9.5280,9.5891,9.6453,9.6972,9.7453,9.7899,9.8315,9.8703,9.9067,9.9407,9.9727,10.0029,10.0313,10.0581,10.0835,10.1076,10.1304,10.1521,10.1727,10.1924,10.2111,10.2290,10.2461,10.2624,10.2781,10.2931,10.3075,10.3213,10.3346,10.3474,10.3597,10.3715,10.3829,10.3939,10.4045,10.4148,10.4247,10.4343,10.4435,10.4525,10.4612,10.4696,10.4777,10.4856,10.4933,10.5007,10.5079,10.5150,10.5218,10.5284,10.5349,10.5412,10.5473,10.5532,10.5590,10.5647,10.5702,10.5755,10.5808,10.5859,10.5908,10.5957,10.6005,10.6051,10.6096,10.6141,10.6184,10.6226,10.6268,10.6308,10.6348,10.6387,10.6425,10.6462,10.6498,10.6534,10.6569,10.6603
8.0767,5.3845,2.6922,0.0000,2.1625,3.6140,4.6558,5.4400,6.0516,6.5419,6.9439,7.2793,7.5635,7.8073,8.0189,8.2041,8.3677,8.5131,8.6434,8.7607,8.8668,8.9634,9.0516,9.1324,9.2069,9.2756,9.3392,9.3983,9.4534,9.5048,9.5529,9.5980,9.6403,9.6802,9.7178,9.7533,9.7869,9.8188,9.8490,9.8777,9.9050,9.9310,9.9558,9.9795,10.0021,10.0238,10.0445,10.0644,10.0834,10.1017,10.1193,10.1362,10.1525,10.1682,10.1833,10.1978,10.2119,10.2254,10.2385,10.2512,10.2635,10.2753,10.2868,10.2979,10.3087,10.3192,10.3293,10.3392,10.3487,10.3580,10.3671,10.3758,10.3844,10.3927,10.4008,10.4086,10.4163,10.4238,10.4311,10.4382,10.4451,10.4519,10.4585,10.4649,10.4712,10.4773,10.4833,10.4892,10.4949,10.5005,10.5060,10.5114,10.5166,10.5218,10.5268,10.5317,10.5365,10.5413,10.5459,10.5504
8.6499,6.4874,4.3250,2.1625,0.0000,1.8070,3.1039,4.0800,4.8413,5.4516,5.9519,6.3694,6.7231,7.0266,7.2899,7.5204,7.7240,7.9051,8.0672,8.2131,8.3453,8.4654,8.5752,8.6758,8.7684,8.8540,8.9332,9.0067,9.0752,9.1392,9.1991,9.2552,9.3079,9.3575,9.4043,9.4485,9.4904,9.5300,9.5676,9.6033,9.6373,9.6697,9.7005,9.7300,9.7582,9.7851,9.8109,9.8356,9.8594,9.8821,9.9040,9.9250,9.9453,9.9648,9.9836,10.0017,10.0192,10.0361,10.0524,10.0681,10.0834,10.0982,10.1125,10.1263,10.1397,10.1527,10.1654,10.1776,10.1895,10.2011,10.2123,10.2233,10.2339,10.2442,10.2543,10.2641,10.2736,10.2829,10.2920,10.3008,10.3095,10.3179,10.3261,10.3341,10.3419,10.3496,10.3570,10.3643,10.3715,10.3784,10.3853,10.3919,10.3985,10.4049,10.4111,10.4172,10.4233,10.4291,10.4349,10.4405
9.0351,7.2280,5.4210,3.6140,1.8070,0.0000,1.5519,2.7200,3.6310,4.3613,4.9599,5.4595,5.8827,6.2459,6.5609,6.8367,7.0803,7.2970,7.4909,7.6656,7.8237,7.9674,8.0988,8.2192,8.3300,8.4323,8.5271,8.6151,8.6971,8.7736,8.8452,8.9124,8.9755,9.0348,9.0908,9.1437,9.1938,9.2412,9.2862,9.3289,9.3696,9.4083,9.4453,9.4805,9.5142,9.5465,9.5773,9.6069,9.6353,9.6625,9.6887,9.7139,9.7381,9.7614,9.7839,9.8056,9.8265,9.8467,9.8662,9.8851,9.9033,9.9210,9.9381,9.9547,9.9707,9.9863,10.0014,10.0161,10.0303,10.0441,10.0576,10.0707,10.0834,10.0958,10.1078,10.1195,10.1309,10.1421,10.1529,10.1635,10.1738,10.1839,10.1937,10.2033,10.2126,10.2218,10.2307,10.2395,10.2480,10.2563,10.2645,10.2725,10.2803,10.2880,10.2954,10.3028,10.3100,10.3170,10.3239,10.3306
9.3117,7.7597,6.2078,4.6558,3.1039,1.5519,0.0000,1.3600,2.4206,3.2710,3.9679,4.5496,5.0423,5.4651,5.8319,6.1531,6.4367,6.6889,6.9147,7.1180,7.3021,7.4695,7.6224,7.7626,7.8916,8.0107,8.1211,8.2235,8.3190,8.4081,8.4914,8.5696,8.6430,8.7122,8.7774,8.8390,8.8972,8.9524,9.0048,9.0546,9.1019,9.1470,9.1900,9.2310,9.2703,9.3078,9.3437,9.3782,9.4112,9.4429,9.4734,9.5027,9.5309,9.5581,9.5842,9.6095,9.6338,9.6573,9.6801,9.7020,9.7233,9.7438,9.7637,9.7830,9.8017,9.8199,9.8375,9.8545,9.8711,9.8872,9.9029,9.9181,9.9329,9.9473,9.9613,9.9750,9.9883,10.0012,10.0138,10.0261,10.0382,10.0499,10.0613,10.0725,10.0834,10.0940,10.1044,10.1146,10.1245,10.1342,10.1437,10.1530,10.1621,10.1710,10.1798,10.1883,10.1967,10.2048,10.2129,10.2207
9.5200,8.1600,6.8000,5.4400,4.0800,2.7200,1.3600,0.0000,1.2103,2.1806,2.9759,3.6396,4.2019,4.6844,5.1029,5.4694,5.7930,6.0808,6.3385,6.5705,6.7805,6.9715,7.1460,7.3059,7.4532,7.5891,7.7150,7.8319,7.9408,8.0425,8.1376,8.2268,8.3106,8.3895,8.4639,8.5342,8.6006,8.6636,8.7234,8.7802,8.8342,8.8856,8.9347,8.9816,9.0263,9.0691,9.1101,9.1494,9.1871,9.2233,9.2581,9.2915,9.3237,9.3547,9.3846,9.4134,9.4412,9.4680,9.4939,9.5190,9.5432,9.5667,9.5894,9.6114,9.6327,9.6534,9.6735,9.6930,9.7119,9.7303,9.7481,9.7655,9.7824,9.7988,9.8148,9.8304,9.8456,9.8603,9.8748,9.8888,9.9025,9.9159,9.9289,9.9417,9.9541,9.9662,9.9781,9.9897,10.0011,10.0121,10.0230,10.0336,10.0440,10.0541,10.0641,10.0738,10.0834,10.0927,10.1019,10.1108
9.6826,8.4722,7.2619,6.0516,4.8413,3.6310,2.4206,1.2103,0.0000,1.0903,1.9840,2.7297,3.3615,3.9037,4.3739,4.7857,5.1493,5.4727,5.7623,6.0230,6.2589,6.4736,6.6696,6.8493,7.0147,7.1675,7.3090,7.4403,7.5627,7.6769,7.7838,7.8840,7.9782,8.0668,8.1504,8.2294,8.3041,8.3748,8.4420,8.5058,8.5665,8.6243,8.6794,8.7321,8.7824,8.8305,8.8765,8.9207,8.9631,9.0037,9.0428,9.0804,9.1165,9.1513,9.1849,9.2173,9.2485,9.2786,9.3078,9.3359,9.3632,9.3895,9.4150,9.4398,9.4637,9.4870,9.5095,9.5314,9.5527,9.5733,9.5934,9.6129,9.6319,9.6504,9.6683,9.6858,9.7029,9.7195,9.7357,9.7515,9.7669,9.7819,9.7965,9.8108,9.8248,9.8385,9.8518,9.8648,9.8776,9.8900,9.9022,9.9141,9.9258,9.9372,9.9484,9.9593,9.9701,9.9806,9.9909,10.0009
9.8129,8.7226,7.6323,6.5419,5.4516,4.3613,3.2710,2.1806,1.0903,0.0000,0.9920,1.8198,2.5212,3.1229,3.6449,4.1020,4.5057,4.8647,5.1860,5.4754,5.7374,5.9756,6.1932,6.3927,6.5763,6.7459,6.9029,7.0487,7.1846,7.3114,7.4300,7.5412,7.6458,7.7442,7.8369,7.9246,8.0075,8.0861,8.1606,8.2314,8.2988,8.3630,8.4242,8.4826,8.5384,8.5918,8.6430,8.6920,8.7390,8.7841,8.8275,8.8692,8.9093,8.9480,8.9852,9.0211,9.0558,9.0893,9.1216,9.1529,9.1831,9.2124,9.2407,9.2681,9.2947,9.3205,9.3456,9.3699,9.3935,9.4164,9.4387,9.4603,9.4814,9.5019,9.5218,9.5413,9.5602,9.5786,9.5966,9.6141,9.6312,9.6479,9.6641,9.6800,9.6955,9.7107,9.7255,9.7400,9.7541,9.7679,9.7815,9.7947,9.8076,9.8203,9.8327,9.8449,9.8568,9.8684,9.8798,9.8910
9.9198,8.9278,7.9358,6.9439,5.9519,4.9599,3.9679,2.9759,1.9840,0.9920,0.0000,0.9099,1.6808,2.3422,2.9159,3.4184,3.8620,4.2566,4.6098,4.9279,5.2158,5.4776,5.7168,5.9361,6.1379,6.3243,6.4968,6.6572,6.8064,6.9458,7.0762,7.1985,7.3133,7.4215,7.5235,7.6198,7.7109,7.7973,7.8792,7.9570,8.0311,8.1016,8.1689,8.2331,8.2945,8.3532,8.4094,8.4632,8.5149,8.5645,8.6122,8.6580,8.7021,8.7446,8.7855,8.8250,8.8631,8.8999,8.9354,8.9698,9.0030,9.0352,9.0663,9.0965,9.1258,9.1541,9.1816,9.2083,9.2343,9.2595,9.2839,9.3077,9.3309,9.3534,9.3753,9.3967,9.4175,9.4378,9.4575,9.4768,9.4956,9.5139,9.5318,9.5492,9.5663,9.5829,9.5992,9.6151,9.6306,9.6458,9.6607,9.6753,9.6895,9.7034,9.7170,9.7304,9.7435,9.7563,9.7688,9.7811
10.0090,9.0991,8.1892,7.2793,6.3694,5.4595,4.5496,3.6396,2.7297,1.8198,0.9099,0.0000,0.8404,1.5615,2.1870,2.7347,3.2183,3.6485,4.0336,4.3803,4.6942,4.9797,5.2404,5.4795,5.6995,5.9026,6.0908,6.2656,6.4283,6.5802,6.7224,6.8557,6.9809,7.0988,7.2100,7.3150,7.4143,7.5085,7.5978,7.6827,7.7634,7.8403,7.9136,7.9836,8.0505,8.1145,8.1758,8.2345,8.2908,8.3449,8.3969,8.4468,8.4949,8.5412,8.5859,8.6289,8.6704,8.7105,8.7493,8.7867,8.8230,8.8580,8.8920,8.9249,8.9568,8.9877,9.0177,9.0468,9.0750,9.1025,9.1292,9.1552,9.1804,9.2050,9.2289,9.2521,9.2748,9.2969,9.3184,9.3394,9.3599,9.3799,9.3994,9.4184,9.4370,9.4552,9.4729,9.4902,9.5072,9.5237,9.5400,9.5558,9.5713,9.5865,9.6014,9.6159,9.6302,9.6441,9.6578,9.6712
10.0846,9.2443,8.4039,7.5635,6.7231,5.8827,5.0423,4.2019,3.3615,2.5212,1.6808,0.8404,0.0000,0.7807,1.4580,2.0510,2.5747,3.0404,3.4574,3.8328,4.1726,4.4817,4.7640,5.0228,5.2611,5.4810,5.6847,5.8740,6.0502,6.2147,6.3686,6.5129,6.6485,6.7761,6.8965,7.0102,7.1178,7.2197,7.3164,7.4083,7.4957,7.5789,7.6583,7.7341,7.8065,7.8758,7.9422,8.0058,8.0667,8.1253,8.1816,8.2357,8.2877,8.3379,8.3862,8.4328,8.4778,8.5212,8.5631,8.6037,8.6429,8.6809,8.7176,8.7532,8.7878,8.8212,8.8537,8.8852,8.9158,8.9456,8.9745,9.0026,9.0299,9.0565,9.0824,9.1076,9.1321,9.1560,9.1793,9.2021,9.2243,9.2459,9.2670,9.2876,9.3077,9.3274,9.3466,9.3654,9.3837,9.4016,9.4192,9.4364,9.4532,9.4696,9.4857,9.5014,9.5169,9.5320,9.5468,9.5613
10.1495,9.3688,8.5881,7.8073,7.0266,6.2459,5.4651,4.6844,3.9037,3.1229,2.3422,1.5615,0.7807,0.0000,0.7290,1.3673,1.9310,2.4323,2.8811,3.2853,3.6510,3.9837,4.2876,4.5662,4.8226,5.0594,5.2787,5.4824,5.6720,5.8491,6.0148,6.1701,6.3161,6.4535,6.5830,6.7054,6.8212,6.9309,7.0350,7.1339,7.2280,7.3176,7.4030,7.4846,7.5626,7.6372,7.7086,7.7770,7.8427,7.9057,7.9663,8.0245,8.0805,8.1345,8.1865,8.2367,8.2851,8.3318,8.3770,8.4206,8.4629,8.5037,8.5433,8.5816,8.6188,8.6548,8.6898,8.7237,8.7566,8.7886,8.8197,8.8500,8.8794,8.9080,8.9359,8.9630,8.9894,9.0152,9.0403,9.0647,9.0886,9.1119,9.1346,9.1568,9.1785,9.1996,9.2203,9.2405,9.2602,9.2795,9.2984,9.3169,9.3350,9.3527,9.3700,9.3870,9.4036,9.4199,9.4358,9.4514
10.2058,9.4768,8.7478,8.0189,7.2899,6.5609,5.8319,5.1029,4.3739,3.6449,2.9159,2.1870,1.4580,0.7290,0.0000,0.6837,1.2873,1.8242,2.3049,2.7377,3.1295,3.4858,3.8112,4.1096,4.3842,4.6378,4.8726,5.0908,5.2939,5.4835,5.6610,5.8273,5.9836,6.1308,6.2695,6.4006,6.5246,6.6421,6.7536,6.8595,6.9603,7.0563,7.1478,7.2351,7.3186,7.3985,7.4750,7.5483,7.6186,7.6861,7.7510,7.8133,7.8734,7.9312,7.9869,8.0406,8.0924,8.1425,8.1908,8.2376,8.2828,8.3266,8.3689,8.4100,8.4498,8.4884,8.5258,8.5621,8.5974,8.6317,8.6650,8.6974,8.7289,8.7595,8.7894,8.8184,8.8467,8.8743,8.9012,8.9274,8.9529,8.9779,9.0022,9.0260,9.0492,9.0718,9.0940,9.1156,9.1368,9.1574,9.1777,9.1975,9.2168,9.2358,9.2543,9.2725,9.2903,9.3077,9.3248,9.3415
10.2551,9.5714,8.8878,8.2041,7.5204,6.8367,6.1531,5.4694,4.7857,4.1020,3.4184,2.7347,2.0510,1.3673,0.6837,0.0000,0.6437,1.2162,1.7287,2.1902,2.6079,2.9878,3.3348,3.6530,3.9458,4.2162,4.4666,4.6992,4.9158,5.1180,5.3071,5.4845,5.6512,5.8081,5.9561,6.0958,6.2280,6.3533,6.4722,6.5851,6.6926,6.7949,6.8925,6.9857,7.0747,7.1598,7.2414,7.3195,7.3945,7.4665,7.5357,7.6022,7.6662,7.7278,7.7872,7.8445,7.8997,7.9531,8.0047,8.0545,8.1027,8.1494,8.1946,8.2383,8.2808,8.3219,8.3618,8.4006,8.4382,8.4748,8.5103,8.5448,8.5784,8.6111,8.6429,8.6739,8.7040,8.7334,8.7621,8.7900,8.8173,8.8439,8.8698,8.8952,8.9199,8.9441,8.9677,8.9907,9.0133,9.0353,9.0569,9.0780,9.0987,9.1189,9.1386,9.1580,9.1770,9.1956,9.2138,9.2316
10.2987,9.6550,9.0113,8.3677,7.7240,7.0803,6.4367,5.7930,5.1493,4.5057,3.8620,3.2183,2.5747,1.9310,1.2873,0.6437,0.0000,0.6081,1.1525,1.6426,2.0863,2.4898,2.8584,3.1964,3.5074,3.7946,4.0605,4.3076,4.5376,4.7524,4.9533,5.1418,5.3188,5.4854,5.6426,5.7910,5.9315,6.0645,6.1908,6.3108,6.4249,6.5336,6.6372,6.7362,6.8307,6.9212,7.0078,7.0908,7.1704,7.2469,7.3204,7.3910,7.4590,7.5244,7.5875,7.6484,7.7071,7.7637,7.8185,7.8715,7.9227,7.9722,8.0202,8.0667,8.1118,8.1555,8.1979,8.2390,8.2790,8.3178,8.3555,8.3922,8.4279,8.4626,8.4964,8.5293,8.5614,8.5926,8.6230,8.6527,8.6816,8.7099,8.7375,8.7644,8.7906,8.8163,8.8414,8.8659,8.8898,8.9132,8.9362,8.9586,8.9805,9.0020,9.0230,9.0435,9.0637,9.0834,9.1028,9.1217
10.3374,9.7293,9.1212,8.5131,7.9051,7.2970,6.6889,6.0808,5.4727,4.8647,4.2566,3.6485,3.0404,2.4323,1.8242,1.2162,0.6081,0.0000,0.5762,1.0951,1.5647,1.9919,2.3820,2.7397,3.0690,3.3729,3.6545,3.9160,4.1595,4.3868,4.5995,4.7990,4.9864,5.1628,5.3291,5.4862,5.6349,5.7758,5.9094,6.0364,6.1572,6.2722,6.3819,6.4867,6.5868,6.6825,6.7742,6.8621,6.9464,7.0273,7.1050,7.1798,7.2518,7.3211,7.3878,7.4522,7.5144,7.5744,7.6324,7.6884,7.7426,7.7951,7.8459,7.8951,7.9428,7.9890,8.0339,8.0775,8.1198,8.1609,8.2008,8.2396,8.2774,8.3141,8.3499,8.3847,8.4187,8.4517,8.4839,8.5154,8.5460,8.5759,8.6051,8.6335,8.6614,8.6885,8.7151,8.7410,8.7664,8.7911,8.8154,8.8391,8.8623,8.8851,8.9073,8.9291,8.9504,8.9713,8.9918,9.0118
10.3721,9.7958,9.2196,8.6434,8.0672,7.4909,6.9147,6.3385,5.7623,5.1860,4.6098,4.0336,3.4574,2.8811,2.3049,1.7287,1.1525,0.5762,0.0000,0.5475,1.0432,1.4939,1.9056,2.2831,2.6305,2.9513,3.2484,3.5244,3.7814,4.0213,4.2457,4.4562,4.6539,4.8401,5.0156,5.1815,5.3383,5.4870,5.6280,5.7620,5.8895,6.0109,6.1267,6.2372,6.3428,6.4439,6.5406,6.6333,6.7223,6.8077,6.8897,6.9686,7.0446,7.1177,7.1882,7.2561,7.3217,7.3850,7.4462,7.5053,7.5625,7.6179,7.6715,7.7235,7.7738,7.8226,7.8700,7.9159,7.9606,8.0039,8.0461,8.0871,8.1269,8.1657,8.2034,8.2402,8.2760,8.3109,8.3449,8.3780,8.4103,8.4419,8.4727,8.5027,8.5321,8.5607,8.5888,8.6161,8.6429,8.6690,8.6946,8.7197,8.7442,8.7681,8.7916,8.8146,8.8371,8.8592,8.8808,8.9019
10.4033,9.8558,9.3082,8.7607,8.2131,7.6656,7.1180,6.5705,6.0230,5.4754,4.9279,4.3803,3.8328,3.2853,2.7377,2.1902,1.6426,1.0951,0.5475,0.0000,0.5216,0.9959,1.4292,1.8265,2.1921,2.5297,2.8424,3.1328,3.4032,3.6557,3.8919,4.1134,4.3215,4.5174,4.7022,4.8767,5.0418,5.1982,5.3466,5.4876,5.6218,5.7495,5.8714,5.9877,6.0989,6.2052,6.3070,6.4046,6.4982,6.5881,6.6744,6.7575,6.8374,6.9143,6.9885,7.0600,7.1290,7.1957,7.2601,7.3223,7.3825,7.4408,7.4972,7.5518,7.6048,7.6562,7.7060,7.7544,7.8014,7.8470,7.8913,7.9345,7.9764,8.0172,8.0569,8.0956,8.1333,8.1700,8.2058,8.2407,8.2747,8.3079,8.3403,8.3719,8.4028,8.4330,8.4625,8.4913,8.5194,8.5469,8.5739,8.6002,8.6260,8.6512,8.6759,8.7001,8.7238,8.7470,8.7697,8.7920
10.4316,9.9100,9.3884,8.8668,8.3453,7.8237,7.3021,6.7805,6.2589,5.7374,5.2158,4.6942,4.1726,3.6510,3.1295,2.6079,2.0863,1.5647,1.0432,0.5216,0.0000,0.4980,0.9528,1.3699,1.7537,2.1081,2.4363,2.7412,3.0251,3.2901,3.5381,3.7706,3.9891,4.1948,4.3887,4.5719,4.7452,4.9094,5.0652,5.2132,5.3541,5.4882,5.6161,5.7382,5.8549,5.9665,6.0734,6.1759,6.2741,6.3685,6.4591,6.5463,6.6302,6.7110,6.7888,6.8639,6.9364,7.0063,7.0739,7.1392,7.2024,7.2636,7.3228,7.3802,7.4358,7.4897,7.5420,7.5928,7.6421,7.6901,7.7366,7.7819,7.8259,7.8687,7.9104,7.9511,7.9906,8.0291,8.0667,8.1033,8.1390,8.1739,8.2079,8.2411,8.2735,8.3052,8.3361,8.3664,8.3959,8.4249,8.4531,8.4808,8.5078,8.5343,8.5603,8.5856,8.6105,8.6349,8.6587,8.6821
10.4573,9.9593,9.4613,8.9634,8.4654,7.9674,7.4695,6.9715,6.4736,5.9756,5.4776,4.9797,4.4817,3.9837,3.4858,2.9878,2.4898,1.9919,1.4939,0.9959,0.4980,0.0000,0.4764,0.9132,1.3153,1.6865,2.0303,2.3496,2.6469,2.9245,3.1843,3.4278,3.6567,3.8721,4.0752,4.2671,4.4486,4.6206,4.7838,4.9388,5.0864,5.2269,5.3608,5.4887,5.6110,5.7279,5.8398,5.9471,6.0501,6.1489,6.2438,6.3351,6.4230,6.5076,6.5892,6.6678,6.7437,6.8170,6.8877,6.9562,7.0224,7.0864,7.1485,7.2086,7.2668,7.3233,7.3781,7.4313,7.4829,7.5331,7.5819,7.6293,7.6754,7.7203,7.7640,7.8065,7.8479,7.8883,7.9276,7.9660,8.0034,8.0399,8.0755,8.1103,8.1443,8.1774,8.2098,8.2415,8.2725,8.3028,8.3324,8.3613,8.3897,8.4174,8.4446,8.4712,8.4972,8.5227,8.5477,8.5722
10.4808,10.0044,9.5280,9.0516,8.5752,8.0988,7.6224,7.1460,6.6696,6.1932,5.7168,5.2404,4.7640,4.2876,3.8112,3.3348,2.8584,2.3820,1.9056,1.4292,0.9528,0.4764,0.0000,0.4566,0.8768,1.2649,1.6242,1.9580,2.2688,2.5590,2.8305,3.0851,3.3242,3.5494,3.7617,3.9623,4.1520,4.3318,4.5024,4.6645,4.8187,4.9655,5.1056,5.2392,5.3670,5.4892,5.6062,5.7184,5.8260,5.9293,6.0285,6.1240,6.2158,6.3043,6.3895,6.4717,6.5510,6.6276,6.7016,6.7731,6.8423,6.9093,6.9741,7.0369,7.0978,7.1568,7.2141,7.2697,7.3237,7.3762,7.4271,7.4767,7.5249,7.5718,7.6175,7.6619,7.7052,7.7474,7.7885,7.8286,7.8677,7.9059,7.9431,7.9795,8.0150,8.0497,8.0835,8.1166,8.1490,8.1807,8.2116,8.2419,8.2715,8.3005,8.3289,8.3567,8.3839,8.4106,8.4367,8.4623
10.5023,10.0457,9.5891,9.1324,8.6758,8.2192,7.7626,7.3059,6.8493,6.3927,5.9361,5.4795,5.0228,4.5662,4.1096,3.6530,3.1964,2.7397,2.2831,1.8265,1.3699,0.9132,0.4566,0.0000,0.4384,0.8432,1.2182,1.5664,1.8907,2.1934,2.4767,2.7423,2.9918,3.2267,3.4483,3.6575,3.8555,4.0430,4.2210,4.3901,4.5509,4.7042,4.8503,4.9898,5.1230,5.2506,5.3726,5.4897,5.6019,5.7097,5.8132,5.9128,6.0086,6.1009,6.1898,6.2756,6.3583,6.4382,6.5154,6.5901,6.6622,6.7321,6.7998,6.8653,6.9288,6.9904,7.0502,7.1082,7.1645,7.2192,7.2724,7.3241,7.3744,7.4233,7.4710,7.5174,7.5625,7.6066,7.6495,7.6913,7.7321,7.7719,7.8108,7.8487,7.8857,7.9219,7.9572,7.9918,8.0255,8.0586,8.0908,8.1224,8.1533,8.1836,8.2132,8.2422,8.2706,8.2984,8.3257,8.3524
10.5221,10.0837,9.6453,9.2069,8.7684,8.3300,7.8916,7.4532,7.0147,6.5763,6.1379,5.6995,5.2611,4.8226,4.3842,3.9458,3.5074,3.0690,2.6305,2.1921,1.7537,1.3153,0.8768,0.4384,0.0000,0.4216,0.8121,1.1748,1.5125,1.8278,2.1229,2.3995,2.6594,2.9041,3.1348,3.3527,3.5589,3.7542,3.9396,4.1157,4.2832,4.4428,4.5950,4.7403,4.8791,5.0119,5.1391,5.2609,5.3778,5.4901,5.5979,5.7016,5.8014,5.8975,5.9901,6.0795,6.1657,6.2489,6.3293,6.4070,6.4822,6.5549,6.6254,6.6937,6.7598,6.8240,6.8862,6.9466,7.0053,7.0623,7.1177,7.1715,7.2239,7.2749,7.3245,7.3728,7.4198,7.4657,7.5104,7.5539,7.5964,7.6379,7.6784,7.7179,7.7564,7.7941,7.8309,7.8669,7.9021,7.9365,7.9701,8.0030,8.0352,8.0667,8.0975,8.1277,8.1573,8.1863,8.2147,8.2425
10.5404,10.1188,9.6972,9.2756,8.8540,8.4323,8.0107,7.5891,7.1675,6.7459,6.3243,5.9026,5.4810,5.0594,4.6378,4.2162,3.7946,3.3729,2.9513,2.5297,2.1081,1.6865,1.2649,0.8432,0.4216,0.0000,0.4061,0.7832,1.1344,1.4623,1.7690,2.0567,2.3270,2.5814,2.8213,3.0479,3.2623,3.4655,3.6582,3.8413,4.0155,4.1815,4.3397,4.4908,4.6351,4.7732,4.9055,5.0322,5.1538,5.2705,5.3826,5.4905,5.5942,5.6942,5.7905,5.8834,5.9730,6.0595,6.1431,6.2239,6.3021,6.3778,6.4510,6.5220,6.5908,6.6575,6.7223,6.7851,6.8461,6.9054,6.9630,7.0189,7.0734,7.1264,7.1780,7.2282,7.2772,7.3248,7.3713,7.4166,7.4608,7.5039,7.5460,7.5871,7.6272,7.6663,7.7046,7.7420,7.7786,7.8144,7.8493,7.8835,7.9170,7.9498,7.9819,8.0133,8.0440,8.0742,8.1037,8.1326
10.5574,10.1513,9.7453,9.3392,8.9332,8.5271,8.1211,7.7150,7.3090,6.9029,6.4968,6.0908,5.6847,5.2787,4.8726,4.4666,4.0605,3.6545,3.2484,2.8424,2.4363,2.0303,1.6242,1.2182,0.8121,0.4061,0.0000,0.3916,0.7563,1.0967,1.4152,1.7139,1.9945,2.2587,2.5078,2.7431,2.9657,3.1767,3.3768,3.5669,3.7478,3.9201,4.0844,4.2413,4.3912,4.5346,4.6719,4.8035,4.9297,5.0509,5.1673,5.2793,5.3870,5.4908,5.5908,5.6872,5.7803,5.8702,5.9570,6.0409,6.1221,6.2006,6.2767,6.3504,6.4218,6.4911,6.5583,6.6235,6.6869,6.7484,6.8082,6.8664,6.9229,6.9779,7.0315,7.0837,7.1345,7.1840,7.2322,7.2793,7.3251,7.3699,7.4136,7.4562,7.4979,7.5386,7.5783,7.6172,7.6551,7.6923,7.7286,7.7641,7.7989,7.8329,7.8662,7.8988,7.9307,7.9620,7.9927,8.0227
10.5731,10.1815,9.7899,9.3983,9.0067,8.6151,8.2235,7.8319,7.4403,7.0487,6.6572,6.2656,5.8740,5.4824,5.0908,4.6992,4.3076,3.9160,3.5244,3.1328,2.7412,2.3496,1.9580,1.5664,1.1748,0.7832,0.3916,0.0000,0.3781,0.7311,1.0614,1.3711,1.6621,1.9360,2.1943,2.4383,2.6692,2.8879,3.0954,3.2926,3.4801,3.6588,3.8292,3.9918,4.1472,4.2959,4.4383,4.5747,4.7056,4.8313,4.9520,5.0681,5.1798,5.2874,5.3911,5.4911,5.5876,5.6808,5.7708,5.8578,5.9420,6.0235,6.1023,6.1788,6.2528,6.3247,6.3943,6.4620,6.5277,6.5915,6.6535,6.7138,6.7724,6.8295,6.8850,6.9391,6.9918,7.0431,7.0931,7.1419,7.1895,7.2359,7.2812,7.3254,7.3686,7.4108,7.4520,7.4923,7.5317,7.5702,7.6078,7.6446,7.6807,7.7160,7.7505,7.7843,7.8174,7.8499,7.8817,7.9128
10.5878,10.2097,9.8315,9.4534,9.0752,8.6971,8.3190,7.9408,7.5627,7.1846,6.8064,6.4283,6.0502,5.6720,5.2939,4.9158,4.5376,4.1595,3.7814,3.4032,3.0251,2.6469,2.2688,1.8907,1.5125,1.1344,0.7563,0.3781,0.0000,0.3656,0.7076,1.0284,1.3297,1.6134,1.8809,2.1335,2.3726,2.5991,2.8140,3.0182,3.2124,3.3975,3.5739,3.7423,3.9033,4.0572,4.2047,4.3460,4.4815,4.6117,4.7367,4.8569,4.9726,5.0841,5.1915,5.2950,5.3949,5.4914,5.5847,5.6748,5.7619,5.8463,5.9280,6.0071,6.0838,6.1582,6.2304,6.3004,6.3685,6.4345,6.4988,6.5612,6.6219,6.6810,6.7385,6.7945,6.8491,6.9022,6.9541,7.0046,7.0538,7.1019,7.1488,7.1946,7.2393,7.2830,7.3257,7.3674,7.4082,7.4481,7.4870,7.5252,7.5625,7.5991,7.6348,7.6698,7.7041,7.7377,7.7707,7.8029
10.6015,10.2359,9.8703,9.5048,9.1392,8.7736,8.4081,8.0425,7.6769,7.3114,6.9458,6.5802,6.2147,5.8491,5.4835,5.1180,4.7524,4.3868,4.0213,3.6557,3.2901,2.9245,2.5590,2.1934,1.8278,1.4623,1.0967,0.7311,0.3656,0.0000,0.3538,0.6856,0.9973,1.2907,1.5674,1.8287,2.0760,2.3103,2.5326,2.7438,2.9447,3.1361,3.3186,3.4928,3.6593,3.8186,3.9711,4.1172,4.2574,4.3921,4.5214,4.6458,4.7655,4.8807,4.9918,5.0989,5.2023,5.3021,5.3985,5.4917,5.5819,5.6691,5.7536,5.8355,5.9148,5.9918,6.0664,6.1389,6.2092,6.2776,6.3440,6.4086,6.4714,6.5325,6.5920,6.6500,6.7064,6.7614,6.8150,6.8672,6.9182,6.9679,7.0164,7.0638,7.1101,7.1553,7.1994,7.2425,7.2847,7.3260,7.3663,7.4057,7.4444,7.4821,7.5191,7.5554,7.5908,7.6256,7.6597,7.6930
10.6143,10.2605,9.9067,9.5529,9.1991,8.8452,8.4914,8.1376,7.7838,7.4300,7.0762,6.7224,6.3686,6.0148,5.6610,5.3071,4.9533,4.5995,4.2457,3.8919,3.5381,3.1843,2.8305,2.4767,2.1229,1.7690,1.4152,1.0614,0.7076,0.3538,0.0000,0.3428,0.6648,0.9680,1.2539,1.5240,1.7794,2.0215,2.2512,2.4694,2.6770,2.8748,3.0633,3.2433,3.4154,3.5799,3.7375,3.8885,4.0334,4.1725,4.3061,4.4346,4.5583,4.6773,4.7921,4.9028,5.0096,5.1127,5.2123,5.3087,5.4018,5.4920,5.5793,5.6639,5.7458,5.8253,5.9025,5.9773,6.0500,6.1207,6.1893,6.2560,6.3209,6.3841,6.4455,6.5054,6.5637,6.6205,6.6759,6.7299,6.7825,6.8339,6.8841,6.9330,6.9808,7.0275,7.0731,7.1177,7.1612,7.2039,7.2455,7.2863,7.3262,7.3652,7.4035,7.4409,7.4775,7.5135,7.5486,7.5831
10.6263,10.2835,9.9407,9.5980,9.2552,8.9124,8.5696,8.2268,7.8840,7.5412,7.1985,6.8557,6.5129,6.1701,5.8273,5.4845,5.1418,4.7990,4.4562,4.1134,3.7706,3.4278,3.0851,2.7423,2.3995,2.0567,1.7139,1.3711,1.0284,0.6856,0.3428,0.0000,0.3324,0.6453,0.9404,1.2192,1.4829,1.7327,1.9698,2.1950,2.4093,2.6134,2.8081,2.9939,3.1714,3.3413,3.5039,3.6598,3.8093,3.9529,4.0908,4.2234,4.3511,4.4740,4.5924,4.7067,4.8169,4.9234,5.0262,5.1256,5.2218,5.3148,5.4049,5.4922,5.5768,5.6589,5.7385,5.8158,5.8908,5.9637,6.0346,6.1034,6.1704,6.2356,6.2991,6.3608,6.4210,6.4797,6.5368,6.5925,6.6469,6.6999,6.7517,6.8022,6.8515,6.8997,6.9468,6.9928,7.0378,7.0818,7.1248,7.1669,7.2080,7.2483,7.2878,7.3264,7.3643,7.4013,7.4376,7.4732
10.6376,10.3052,9.9727,9.6403,9.3079,8.9755,8.6430,8.3106,7.9782,7.6458,7.3133,6.9809,6.6485,6.3161,5.9836,5.6512,5.3188,4.9864,4.6539,4.3215,3.9891,3.6567,3.3242,2.9918,2.6594,2.3270,1.9945,1.6621,1.3297,0.9973,0.6648,0.3324,0.0000,0.3227,0.6270,0.9144,1.1863,1.4439,1.6884,1.9207,2.1416,2.3521,2.5528,2.7444,2.9275,3.1026,3.2703,3.4310,3.5852,3.7332,3.8755,4.0123,4.1439,4.2706,4.3928,4.5106,4.6242,4.7340,4.8400,4.9425,5.0417,5.1377,5.2306,5.3206,5.4079,5.4925,5.5746,5.6542,5.7316,5.8068,5.8798,5.9508,6.0199,6.0871,6.1526,6.2163,6.2783,6.3388,6.3977,6.4552,6.5112,6.5659,6.6193,6.6714,6.7222,6.7719,6.8205,6.8679,6.9143,6.9597,7.0040,7.0474,7.0899,7.1314,7.1721,7.2119,7.2510,7.2892,7.3266,7.3633
10.6482,10.3255,10.0029,9.6802,9.3575,9.0348,8.7122,8.3895,8.0668,7.7442,7.4215,7.0988,6.7761,6.4535,6.1308,5.8081,5.4854,5.1628,4.8401,4.5174,4.1948,3.8721,3.5494,3.2267,2.9041,2.5814,2.2587,1.9360,1.6134,1.2907,0.9680,0.6453,0.3227,0.0000,0.3135,0.6096,0.8897,1.1552,1.4070,1.6463,1.8739,2.0907,2.2975,2.4949,2.6835,2.8639,3.0367,3.2023,3.3611,3.5136,3.6602,3.8011,3.9367,4.0673,4.1931,4.3145,4.4316,4.5446,4.6539,4.7595,4.8616,4.9605,5.0562,5.1490,5.2389,5.3260,5.4106,5.4927,5.5724,5.6498,5.7251,5.7983,5.8694,5.9387,6.0061,6.0717,6.1356,6.1979,6.2586,6.3178,6.3756,6.4319,6.4869,6.5406,6.5930,6.6442,6.6942,6.7431,6.7908,6.8376,6.8833,6.9280,6.9717,7.0145,7.0564,7.0975,7.1377,7.1770,7.2156,7.2534
10.6582,10.3448,10.0313,9.7178,9.4043,9.0908,8.7774,8.4639,8.1504,7.8369,7.5235,7.2100,6.8965,6.5830,6.2695,5.9561,5.6426,5.3291,5.0156,4.7022,4.3887,4.0752,3.7617,3.4483,3.1348,2.8213,2.5078,2.1943,1.8809,1.5674,1.2539,0.9404,0.6270,0.3135,0.0000,0.3048,0.5931,0.8664,1.1256,1.3719,1.6062,1.8294,2.0422,2.2454,2.4395,2.6253,2.8031,2.9736,3.1371,3.2940,3.4449,3.5899,3.7295,3.8639,3.9934,4.1183,4.2389,4.3553,4.4677,4.5764,4.6816,4.7833,4.8819,4.9773,5.0699,5.1596,5.2466,5.3311,5.4132,5.4929,5.5704,5.6457,5.7189,5.7902,5.8596,5.9271,5.9930,6.0571,6.1196,6.1805,6.2399,6.2979,6.3545,6.4098,6.4637,6.5164,6.5679,6.6182,6.6674,6.7155,6.7625,6.8085,6.8535,6.8976,6.9407,6.9830,7.0244,7.0649,7.1046,7.1435
10.6677,10.3629,10.0581,9.7533,9.4485,9.1437,8.8390,8.5342,8.2294,7.9246,7.6198,7.3150,7.0102,6.7054,6.4006,6.0958,5.7910,5.4862,5.1815,4.8767,4.5719,4.2671,3.9623,3.6575,3.3527,3.0479,2.7431,2.4383,2.1335,1.8287,1.5240,1.2192,0.9144,0.6096,0.3048,0.0000,0.2966,0.5776,0.8442,1.0975,1.3385,1.5681,1.7869,1.9959,2.1956,2.3866,2.5695,2.7448,2.9130,3.0744,3.2296,3.3787,3.5223,3.6605,3.7938,3.9222,4.0462,4.1659,4.2816,4.3934,4.5015,4.6062,4.7075,4.8057,4.9009,4.9932,5.0827,5.1696,5.2540,5.3360,5.4156,5.4931,5.5684,5.6417,5.7131,5.7826,5.8503,5.9162,5.9805,6.0432,6.1043,6.1639,6.2221,6.2789,6.3344,6.3886,6.4416,6.4933,6.5439,6.5934,6.6417,6.6891,6.7354,6.7807,6.8251,6.8685,6.9111,6.9528,6.9936,7.0336
10.6767,10.3801,10.0835,9.7869,9.4904,9.1938,8.8972,8.6006,8.3041,8.0075,7.7109,7.4143,7.1178,6.8212,6.5246,6.2280,5.9315,5.6349,5.3383,5.0418,4.7452,4.4486,4.1520,3.8555,3.5589,3.2623,2.9657,2.6692,2.3726,2.0760,1.7794,1.4829,1.1863,0.8897,0.5931,0.2966,0.0000,0.2888,0.5628,0.8231,1.0708,1.3067,1.5317,1.7464,1.9516,2.1480,2.3359,2.5161,2.6889,2.8548,3.0143,3.1676,3.3151,3.4572,3.5941,3.7261,3.8535,3.9766,4.0954,4.2103,4.3215,4.4290,4.5332,4.6341,4.7319,4.8267,4.9187,5.0080,5.0948,5.1790,5.2609,5.3405,5.4179,5.4933,5.5666,5.6380,5.7076,5.7753,5.8414,5.9058,5.9686,6.0299,6.0897,6.1481,6.2052,6.2608,6.3153,6.3684,6.4204,6.4713,6.5210,6.5696,6.6172,6.6638,6.7094,6.7540,6.7978,6.8406,6.8826,6.9237
10.6851,10.3964,10.1076,9.8188,9.5300,9.2412,8.9524,8.6636,8.3748,8.0861,7.7973,7.5085,7.2197,6.9309,6.6421,6.3533,6.0645,5.7758,5.4870,5.1982,4.9094,4.6206,4.3318,4.0430,3.7542,3.4655,3.1767,2.8879,2.5991,2.3103,2.0215,1.7327,1.4439,1.1552,0.8664,0.5776,0.2888,0.0000,0.2814,0.5488,0.8031,1.0454,1.2764,1.4969,1.7077,1.9093,2.1023,2.2874,2.4648,2.6352,2.7990,2.9564,3.1079,3.2538,3.3944,3.5300,3.6609,3.7872,3.9093,4.0273,4.1414,4.2519,4.3588,4.4624,4.5629,4.6603,4.7548,4.8465,4.9356,5.0221,5.1062,5.1879,5.2674,5.3448,5.4201,5.4935,5.5649,5.6345,5.7023,5.7685,5.8330,5.8959,5.9574,6.0173,6.0759,6.1331,6.1890,6.2436,6.2970,6.3492,6.4002,6.4502,6.4990,6.5469,6.5937,6.6396,6.6845,6.7285,6.7716,6.8138
10.6932,10.4118,10.1304,9.8490,9.5676,9.2862,9.0048,8.7234,8.4420,8.1606,7.8792,7.5978,7.3164,7.0350,6.7536,6.4722,6.1908,5.9094,5.6280,5.3466,5.0652,4.7838,4.5024,4.2210,3.9396,3.6582,3.3768,3.0954,2.8140,2.5326,2.2512,1.9698,1.6884,1.4070,1.1256,0.8442,0.5628,0.2814,0.0000,0.2744,0.5354,0.7840,1.0211,1.2474,1.4637,1.6706,1.8687,2.0586,2.2408,2.4156,2.5837,2.7452,2.9007,3.0504,3.1947,3.3339,3.4682,3.5978,3.7231,3.8442,3.9613,4.0747,4.1845,4.2908,4.3939,4.4938,4.5908,4.6849,4.7763,4.8651,4.9514,5.0353,5.1169,5.1963,5.2736,5.3489,5.4222,5.4936,5.5632,5.6311,5.6973,5.7619,5.8250,5.8865,5.9466,6.0053,6.0627,6.1187,6.1735,6.2271,6.2795,6.3307,6.3809,6.4300,6.4780,6.5251,6.5712,6.6163,6.6606,6.7039
10.7008,10.4265,10.1521,9.8777,9.6033,9.3289,9.0546,8.7802,8.5058,8.2314,7.9570,7.6827,7.4083,7.1339,6.8595,6.5851,6.3108,6.0364,5.7620,5.4876,5.2132,4.9388,4.6645,4.3901,4.1157,3.8413,3.5669,3.2926,3.0182,2.7438,2.4694,2.1950,1.9207,1.6463,1.3719,1.0975,0.8231,0.5488,0.2744,0.0000,0.2677,0.5227,0.7658,0.9980,1.2198,1.4320,1.6352,1.8299,2.0167,2.1960,2.3683,2.5341,2.6935,2.8471,2.9951,3.1378,3.2755,3.4085,3.5369,3.6611,3.7813,3.8975,4.0101,4.1192,4.2249,4.3274,4.4269,4.5234,4.6171,4.7082,4.7967,4.8827,4.9664,5.0479,5.1271,5.2043,5.2795,5.3528,5.4242,5.4938,5.5617,5.6279,5.6926,5.7557,5.8173,5.8775,5.9363,5.9938,6.0500,6.1050,6.1587,6.2113,6.2627,6.3131,6.3624,6.4106,6.4579,6.5042,6.5496,6.5940
10.7081,10.4404,10.1727,9.9050,9.6373,9.3696,9.1019,8.8342,8.5665,8.2988,8.0311,7.7634,7.4957,7.2280,6.9603,6.6926,6.4249,6.1572,5.8895,5.6218,5.3541,5.0864,4.8187,4.5509,4.2832,4.0155,3.7478,3.4801,3.2124,2.9447,2.6770,2.4093,2.1416,1.8739,1.6062,1.3385,1.0708,0.8031,0.5354,0.2677,0.0000,0.2613,0.5106,0.7485,0.9758,1.1933,1.4016,1.6012,1.7926,1.9764,2.1530,2.3229,2.4863,2.6437,2.7954,2.9417,3.0828,3.2191,3.3508,3.4781,3.6012,3.7204,3.8358,3.9475,4.0559,4.1610,4.2629,4.3618,4.4579,4.5513,4.6420,4.7302,4.8159,4.8994,4.9807,5.0598,5.1368,5.2119,5.2851,5.3564,5.4260,5.4939,5.5602,5.6249,5.6881,5.7498,5.8100,5.8690,5.9265,5.9829,6.0379,6.0918,6.1445,6.1962,6.2467,6.2961,6.3446,6.3920,6.4385,6.4841
10.7150,10.4537,10.1924,9.9310,9.6697,9.4083,9.1470,8.8856,8.6243,8.3630,8.1016,7.8403,7.5789,7.3176,7.0563,6.7949,6.5336,6.2722,6.0109,5.7495,5.4882,5.2269,4.9655,4.7042,4.4428,4.1815,3.9201,3.6588,3.3975,3.1361,2.8748,2.6134,2.3521,2.0907,1.8294,1.5681,1.3067,1.0454,0.7840,0.5227,0.2613,0.0000,0.2553,0.4990,0.7319,0.9546,1.1680,1.3724,1.5685,1.7568,1.9377,2.1117,2.2791,2.4404,2.5957,2.7456,2.8901,3.0298,3.1646,3.2950,3.4212,3.5432,3.6614,3.7759,3.8869,3.9945,4.0989,4.2003,4.2987,4.3943,4.4872,4.5776,4.6654,4.7509,4.8342,4.9152,4.9941,5.0710,5.1460,5.2191,5.2904,5.3599,5.4278,5.4941,5.5588,5.6220,5.6837,5.7441,5.8031,5.8608,5.9172,5.9724,6.0264,6.0792,6.1310,6.1817,6.2313,6.2799,6.3275,6.3742
10.7217,10.4664,10.2111,9.9558,9.7005,9.4453,9.1900,8.9347,8.6794,8.4242,8.1689,7.9136,7.6583,7.4030,7.1478,6.8925,6.6372,6.3819,6.1267,5.8714,5.6161,5.3608,5.1056,4.8503,4.5950,4.3397,4.0844,3.8292,3.5739,3.3186,3.0633,2.8081,2.5528,2.2975,2.0422,1.7869,1.5317,1.2764,1.0211,0.7658,0.5106,0.2553,0.0000,0.2495,0.4879,0.7160,0.9344,1.1437,1.3445,1.5372,1.7224,1.9005,2.0719,2.2370,2.3961,2.5495,2.6975,2.8404,2.9785,3.1120,3.2411,3.3661,3.4871,3.6043,3.7179,3.8281,3.9350,4.0387,4.1395,4.2374,4.3325,4.4250,4.5149,4.6025,4.6877,4.7706,4.8514,4.9302,5.0069,5.0817,5.1547,5.2259,5.2954,5.3633,5.4295,5.4942,5.5574,5.6192,5.6796,5.7387,5.7964,5.8529,5.9082,5.9623,6.0153,6.0672,6.1180,6.1678,6.2165,6.2643
10.7280,10.4785,10.2290,9.9795,9.7300,9.4805,9.2310,8.9816,8.7321,8.4826,8.2331,7.9836,7.7341,7.4846,7.2351,6.9857,6.7362,6.4867,6.2372,5.9877,5.7382,5.4887,5.2392,4.9898,4.7403,4.4908,4.2413,3.9918,3.7423,3.4928,3.2433,2.9939,2.7444,2.4949,2.2454,1.9959,1.7464,1.4969,1.2474,0.9980,0.7485,0.4990,0.2495,0.0000,0.2440,0.4773,0.7008,0.9149,1.1204,1.3176,1.5071,1.6894,1.8647,2.0336,2.1964,2.3533,2.5048,2.6510,2.7923,2.9289,3.0610,3.1889,3.3127,3.4326,3.5489,3.6616,3.7710,3.8772,3.9803,4.0804,4.1778,4.2724,4.3644,4.4540,4.5412,4.6261,4.7087,4.7893,4.8678,4.9444,5.0191,5.0919,5.1630,5.2325,5.3002,5.3664,5.4311,5.4943,5.5561,5.6166,5.6757,5.7335,5.7901,5.8454,5.8996,5.9527,6.0047,6.0556,6.1055,6.1544
10.7340,10.4900,10.2461,10.0021,9.7582,9.5142,9.2703,9.0263,8.7824,8.5384,8.2945,8.0505,7.8065,7.5626,7.3186,7.0747,6.8307,6.5868,6.3428,6.0989,5.8549,5.6110,5.3670,5.1230,4.8791,4.6351,4.3912,4.1472,3.9033,3.6593,3.4154,3.1714,2.9275,2.6835,2.4395,2.1956,1.9516,1.7077,1.4637,1.2198,0.9758,0.7319,0.4879,0.2440,0.0000,0.2387,0.4672,0.6862,0.8963,1.0980,1.2918,1.4782,1.6575,1.8303,1.9967,2.1572,2.3121,2.4617,2.6062,2.7459,2.8810,3.0117,3.1383,3.2610,3.3799,3.4952,3.6071,3.7156,3.8211,3.9235,4.0230,4.1198,4.2140,4.3055,4.3947,4.4815,4.5661,4.6484,4.7288,4.8071,4.8834,4.9579,5.0307,5.1016,5.1710,5.2387,5.3048,5.3695,5.4327,5.4945,5.5549,5.6140,5.6719,5.7285,5.7840,5.8382,5.8914,5.9435,5.9945,6.0445
10.7398,10.5011,10.2624,10.0238,9.7851,9.5465,9.3078,9.0691,8.8305,8.5918,8.3532,8.1145,7.8758,7.6372,7.3985,7.1598,6.9212,6.6825,6.4439,6.2052,5.9665,5.7279,5.4892,5.2506,5.0119,4.7732,4.5346,4.2959,4.0572,3.8186,3.5799,3.3413,3.1026,2.8639,2.6253,2.3866,2.1480,1.9093,1.6706,1.4320,1.1933,0.9546,0.7160,0.4773,0.2387,0.0000,0.2336,0.4575,0.6722,0.8784,1.0765,1.2670,1.4504,1.6269,1.7970,1.9611,2.1194,2.2723,2.4200,2.5628,2.7009,2.8346,2.9640,3.0894,3.2109,3.3288,3.4431,3.5541,3.6619,3.7666,3.8683,3.9672,4.0635,4.1571,4.2482,4.3369,4.4234,4.5076,4.5897,4.6697,4.7478,4.8239,4.8983,4.9708,5.0417,5.1109,5.1785,5.2446,5.3092,5.3724,5.4341,5.4946,5.5537,5.6116,5.6683,5.7238,5.7781,5.8313,5.8835,5.9346
10.7453,10.5117,10.2781,10.0445,9.8109,9.5773,9.3437,9.1101,8.8765,8.6430,8.4094,8.1758,7.9422,7.7086,7.4750,7.2414,7.0078,6.7742,6.5406,6.3070,6.0734,5.8398,5.6062,5.3726,5.1391,4.9055,4.6719,4.4383,4.2047,3.9711,3.7375,3.5039,3.2703,3.0367,2.8031,2.5695,2.3359,2.1023,1.8687,1.6352,1.4016,1.1680,0.9344,0.7008,0.4672,0.2336,0.0000,0.2287,0.4482,0.6588,0.8612,1.0559,1.2432,1.4235,1.5974,1.7650,1.9268,2.0830,2.2339,2.3797,2.5208,2.6574,2.7896,2.9177,3.0419,3.1623,3.2792,3.3925,3.5026,3.6096,3.7136,3.8146,3.9130,4.0086,4.1017,4.1924,4.2807,4.3667,4.4506,4.5324,4.6121,4.6899,4.7659,4.8400,4.9124,4.9831,5.0522,5.1197,5.1857,5.2503,5.3134,5.3751,5.4356,5.4947,5.5526,5.6093,5.6648,5.7192,5.7725,5.8247
10.7506,10.5218,10.2931,10.0644,9.8356,9.6069,9.3782,9.1494,8.9207,8.6920,8.4632,8.2345,8.0058,7.7770,7.5483,7.3195,7.0908,6.8621,6.6333,6.4046,6.1759,5.9471,5.7184,5.4897,5.2609,5.0322,4.8035,4.5747,4.3460,4.1172,3.8885,3.6598,3.4310,3.2023,2.9736,2.7448,2.5161,2.2874,2.0586,1.8299,1.6012,1.3724,1.1437,0.9149,0.6862,0.4575,0.2287,0.0000,0.2241,0.4392,0.6459,0.8447,1.0360,1.2202,1.3977,1.5689,1.7341,1.8936,2.0477,2.1967,2.3408,2.4803,2.6153,2.7461,2.8729,2.9959,3.1152,3.2310,3.3434,3.4527,3.5588,3.6621,3.7625,3.8601,3.9552,4.0478,4.1380,4.2259,4.3115,4.3950,4.4765,4.5559,4.6335,4.7092,4.7831,4.8553,4.9259,4.9949,5.0623,5.1282,5.1926,5.2557,5.3174,5.3778,5.4369,5.4948,5.5515,5.6071,5.6615,5.7148
10.7557,10.5316,10.3075,10.0834,9.8594,9.6353,9.4112,9.1871,8.9631,8.7390,8.5149,8.2908,8.0667,7.8427,7.6186,7.3945,7.1704,6.9464,6.7223,6.4982,6.2741,6.0501,5.8260,5.6019,5.3778,5.1538,4.9297,4.7056,4.4815,4.2574,4.0334,3.8093,3.5852,3.3611,3.1371,2.9130,2.6889,2.4648,2.2408,2.0167,1.7926,1.5685,1.3445,1.1204,0.8963,0.6722,0.4482,0.2241,0.0000,0.2196,0.4306,0.6335,0.8288,1.0168,1.1980,1.3728,1.5414,1.7042,1.8616,2.0136,2.1607,2.3031,2.4409,2.5745,2.7039,2.8295,2.9512,3.0694,3.1842,3.2957,3.4041,3.5095,3.6120,3.7117,3.8087,3.9032,3.9953,4.0850,4.1724,4.2577,4.3408,4.4219,4.5011,4.5784,4.6539,4.7276,4.7996,4.8700,4.9388,5.0061,5.0719,5.1362,5.1992,5.2609,5.3212,5.3803,5.4382,5.4949,5.5505,5.6049
10.7605,10.5409,10.3213,10.1017,9.8821,9.6625,9.4429,9.2233,9.0037,8.7841,8.5645,8.3449,8.1253,7.9057,7.6861,7.4665,7.2469,7.0273,6.8077,6.5881,6.3685,6.1489,5.9293,5.7097,5.4901,5.2705,5.0509,4.8313,4.6117,4.3921,4.1725,3.9529,3.7332,3.5136,3.2940,3.0744,2.8548,2.6352,2.4156,2.1960,1.9764,1.7568,1.5372,1.3176,1.0980,0.8784,0.6588,0.4392,0.2196,0.0000,0.2153,0.4223,0.6216,0.8135,0.9984,1.1767,1.3487,1.5149,1.6754,1.8306,1.9807,2.1259,2.2666,2.4029,2.5349,2.6630,2.7873,2.9079,3.0250,3.1388,3.2494,3.3569,3.4615,3.5632,3.6622,3.7587,3.8526,3.9441,4.0333,4.1203,4.2052,4.2879,4.3687,4.4476,4.5246,4.5998,4.6733,4.7451,4.8153,4.8840,4.9511,5.0168,5.0811,5.1440,5.2056,5.2659,5.3249,5.3828,5.4395,5.4950
10.7652,10.5499,10.3346,10.1193,9.9040,9.6887,9.4734,9.2581,9.0428,8.8275,8.6122,8.3969,8.1816,7.9663,7.7510,7.5357,7.3204,7.1050,6.8897,6.6744,6.4591,6.2438,6.0285,5.8132,5.5979,5.3826,5.1673,4.9520,4.7367,4.5214,4.3061,4.0908,3.8755,3.6602,3.4449,3.2296,3.0143,2.7990,2.5837,2.3683,2.1530,1.9377,1.7224,1.5071,1.2918,1.0765,0.8612,0.6459,0.4306,0.2153,0.0000,0.2112,0.4144,0.6101,0.7987,0.9806,1.1561,1.3255,1.4892,1.6475,1.8006,1.9488,2.0922,2.2312,2.3659,2.4966,2.6233,2.7463,2.8658,2.9819,3.0946,3.2043,3.3110,3.4147,3.5158,3.6141,3.7099,3.8033,3.8943,3.9830,4.0695,4.1539,4.2363,4.3168,4.3953,4.4720,4.5470,4.6202,4.6919,4.7619,4.8304,4.8973,4.9629,5.0271,5.0899,5.1514,5.2116,5.2706,5.3285,5.3851
10.7697,10.5586,10.3474,10.1362,9.9250,9.7139,9.5027,9.2915,9.0804,8.8692,8.6580,8.4468,8.2357,8.0245,7.8133,7.6022,7.3910,7.1798,6.9686,6.7575,6.5463,6.3351,6.1240,5.9128,5.7016,5.4905,5.2793,5.0681,4.8569,4.6458,4.4346,4.2234,4.0123,3.8011,3.5899,3.3787,3.1676,2.9564,2.7452,2.5341,2.3229,2.1117,1.9005,1.6894,1.4782,1.2670,1.0559,0.8447,0.6335,0.4223,0.2112,0.0000,0.2072,0.4067,0.5990,0.7844,0.9634,1.1362,1.3031,1.4645,1.6205,1.7716,1.9179,2.0596,2.1969,2.3301,2.4594,2.5848,2.7066,2.8249,2.9399,3.0517,3.1605,3.2663,3.3693,3.4695,3.5672,3.6624,3.7552,3.8456,3.9339,4.0199,4.1040,4.1860,4.2660,4.3443,4.4207,4.4954,4.5684,4.6398,4.7096,4.7779,4.8447,4.9102,4.9742,5.0369,5.0983,5.1585,5.2174,5.2752
10.7741,10.5669,10.3597,10.1525,9.9453,9.7381,9.5309,9.3237,9.1165,8.9093,8.7021,8.4949,8.2877,8.0805,7.8734,7.6662,7.4590,7.2518,7.0446,6.8374,6.6302,6.4230,6.2158,6.0086,5.8014,5.5942,5.3870,5.1798,4.9726,4.7655,4.5583,4.3511,4.1439,3.9367,3.7295,3.5223,3.3151,3.1079,2.9007,2.6935,2.4863,2.2791,2.0719,1.8647,1.6575,1.4504,1.2432,1.0360,0.8288,0.6216,0.4144,0.2072,0.0000,0.2034,0.3993,0.5883,0.7707,0.9468,1.1169,1.2814,1.4405,1.5944,1.7435,1.8880,2.0279,2.1637,2.2954,2.4232,2.5474,2.6680,2.7852,2.8991,3.0100,3.1178,3.2228,3.3250,3.4245,3.5216,3.6161,3.7083,3.7982,3.8860,3.9716,4.0551,4.1368,4.2165,4.2944,4.3705,4.4449,4.5177,4.5888,4.6585,4.7266,4.7933,4.8585,4.9224,4.9850,5.0464,5.1064,5.1653
10.7782,10.5749,10.3715,10.1682,9.9648,9.7614,9.5581,9.3547,9.1513,8.9480,8.7446,8.5412,8.3379,8.1345,7.9312,7.7278,7.5244,7.3211,7.1177,6.9143,6.7110,6.5076,6.3043,6.1009,5.8975,5.6942,5.4908,5.2874,5.0841,4.8807,4.6773,4.4740,4.2706,4.0673,3.8639,3.6605,3.4572,3.2538,3.0504,2.8471,2.6437,2.4404,2.2370,2.0336,1.8303,1.6269,1.4235,1.2202,1.0168,0.8135,0.6101,0.4067,0.2034,0.0000,0.1997,0.3922,0.5780,0.7574,0.9308,1.0983,1.2604,1.4173,1.5692,1.7163,1.8589,1.9973,2.1314,2.2617,2.3882,2.5110,2.6304,2.7465,2.8595,2.9693,3.0763,3.1804,3.2819,3.3807,3.4770,3.5710,3.6626,3.7520,3.8392,3.9243,4.0075,4.0887,4.1681,4.2456,4.3214,4.3956,4.4681,4.5390,4.6084,4.6763,4.7428,4.8080,4.8717,4.9342,4.9954,5.0554
10.7823,10.5826,10.3829,10.1833,9.9836,9.7839,9.5842,9.3846,9.1849,8.9852,8.7855,8.5859,8.3862,8.1865,7.9869,7.7872,7.5875,7.3878,7.1882,6.9885,6.7888,6.5892,6.3895,6.1898,5.9901,5.7905,5.5908,5.3911,5.1915,4.9918,4.7921,4.5924,4.3928,4.1931,3.9934,3.7938,3.5941,3.3944,3.1947,2.9951,2.7954,2.5957,2.3961,2.1964,1.9967,1.7970,1.5974,1.3977,1.1980,0.9984,0.7987,0.5990,0.3993,0.1997,0.0000,0.1961,0.3854,0.5681,0.7446,0.9153,1.0804,1.2401,1.3948,1.5447,1.6900,1.8308,1.9675,2.1001,2.2290,2.3541,2.4757,2.5940,2.7090,2.8209,2.9298,3.0359,3.1392,3.2398,3.3379,3.4336,3.5269,3.6180,3.7068,3.7935,3.8782,3.9609,4.0418,4.1208,4.1980,4.2735,4.3473,4.4196,4.4902,4.5594,4.6272,4.6935,4.7584,4.8221,4.8844,4.9455
10.7861,10.5900,10.3939,10.1978,10.0017,9.8056,9.6095,9.4134,9.2173,9.0211,8.8250,8.6289,8.4328,8.2367,8.0406,7.8445,7.6484,7.4522,7.2561,7.0600,6.8639,6.6678,6.4717,6.2756,6.0795,5.8834,5.6872,5.4911,5.2950,5.0989,4.9028,4.7067,4.5106,4.3145,4.1183,3.9222,3.7261,3.5300,3.3339,3.1378,2.9417,2.7456,2.5495,2.3533,2.1572,1.9611,1.7650,1.5689,1.3728,1.1767,0.9806,0.7844,0.5883,0.3922,0.1961,0.0000,0.1927,0.3787,0.5585,0.7322,0.9003,1.0630,1.2205,1.3731,1.5210,1.6644,1.8035,1.9386,2.0697,2.1972,2.3210,2.4414,2.5585,2.6724,2.7833,2.8913,2.9965,3.0990,3.1989,3.2963,3.3913,3.4840,3.5744,3.6627,3.7489,3.8332,3.9155,3.9959,4.0745,4.1514,4.2266,4.3001,4.3721,4.4425,4.5115,4.5790,4.6451,4.7099,4.7734,4.8356
10.7899,10.5972,10.4045,10.2119,10.0192,9.8265,9.6338,9.4412,9.2485,9.0558,8.8631,8.6704,8.4778,8.2851,8.0924,7.8997,7.7071,7.5144,7.3217,7.1290,6.9364,6.7437,6.5510,6.3583,6.1657,5.9730,5.7803,5.5876,5.3949,5.2023,5.0096,4.8169,4.6242,4.4316,4.2389,4.0462,3.8535,3.6609,3.4682,3.2755,3.0828,2.8901,2.6975,2.5048,2.3121,2.1194,1.9268,1.7341,1.5414,1.3487,1.1561,0.9634,0.7707,0.5780,0.3854,0.1927,0.0000,0.1894,0.3723,0.5492,0.7202,0.8858,1.0461,1.2014,1.3520,1.4979,1.6396,1.7770,1.9105,2.0402,2.1663,2.2888,2.4080,2.5239,2.6368,2.7467,2.8538,2.9581,3.0598,3.1589,3.2556,3.3500,3.4420,3.5319,3.6197,3.7054,3.7892,3.8710,3.9510,4.0293,4.1058,4.1807,4.2539,4.3256,4.3958,4.4645,4.5318,4.5978,4.6624,4.7257
10.7935,10.6041,10.4148,10.2254,10.0361,9.8467,9.6573,9.4680,9.2786,9.0893,8.8999,8.7105,8.5212,8.3318,8.1425,7.9531,7.7637,7.5744,7.3850,7.1957,7.0063,6.8170,6.6276,6.4382,6.2489,6.0595,5.8702,5.6808,5.4914,5.3021,5.1127,4.9234,4.7340,4.5446,4.3553,4.1659,3.9766,3.7872,3.5978,3.4085,3.2191,3.0298,2.8404,2.6510,2.4617,2.2723,2.0830,1.8936,1.7042,1.5149,1.3255,1.1362,0.9468,0.7574,0.5681,0.3787,0.1894,0.0000,0.1862,0.3661,0.5402,0.7086,0.8718,1.0298,1.1830,1.3315,1.4756,1.6155,1.7513,1.8833,2.0115,2.1362,2.2575,2.3755,2.4903,2.6022,2.7111,2.8172,2.9207,3.0216,3.1200,3.2160,3.3096,3.4011,3.4904,3.5776,3.6629,3.7461,3.8276,3.9072,3.9850,4.0612,4.1358,4.2087,4.2801,4.3501,4.4186,4.4856,4.5514,4.6158
10.7970,10.6108,10.4247,10.2385,10.0524,9.8662,9.6801,9.4939,9.3078,9.1216,8.9354,8.7493,8.5631,8.3770,8.1908,8.0047,7.8185,7.6324,7.4462,7.2601,7.0739,6.8877,6.7016,6.5154,6.3293,6.1431,5.9570,5.7708,5.5847,5.3985,5.2123,5.0262,4.8400,4.6539,4.4677,4.2816,4.0954,3.9093,3.7231,3.5369,3.3508,3.1646,2.9785,2.7923,2.6062,2.4200,2.2339,2.0477,1.8616,1.6754,1.4892,1.3031,1.1169,0.9308,0.7446,0.5585,0.3723,0.1862,0.0000,0.1831,0.3601,0.5315,0.6974,0.8582,1.0140,1.1651,1.3117,1.4539,1.5921,1.7263,1.8568,1.9836,2.1070,2.2270,2.3438,2.4576,2.5684,2.6764,2.7816,2.8842,2.9843,3.0820,3.1773,3.2703,3.3611,3.4499,3.5365,3.6213,3.7041,3.7851,3.8643,3.9418,4.0176,4.0918,4.1644,4.2356,4.3053,4.3735,4.4404,4.5059
10.8004,10.6173,10.4343,10.2512,10.0681,9.8851,9.7020,9.5190,9.3359,9.1529,8.9698,8.7867,8.6037,8.4206,8.2376,8.0545,7.8715,7.6884,7.5053,7.3223,7.1392,6.9562,6.7731,6.5901,6.4070,6.2239,6.0409,5.8578,5.6748,5.4917,5.3087,5.1256,4.9425,4.7595,4.5764,4.3934,4.2103,4.0273,3.8442,3.6611,3.4781,3.2950,3.1120,2.9289,2.7459,2.5628,2.3797,2.1967,2.0136,1.8306,1.6475,1.4645,1.2814,1.0983,0.9153,0.7322,0.5492,0.3661,0.1831,0.0000,0.1801,0.3543,0.5231,0.6865,0.8450,0.9986,1.1477,1.2924,1.4329,1.5694,1.7021,1.8310,1.9565,2.0785,2.1973,2.3130,2.4257,2.5355,2.6425,2.7469,2.8487,2.9480,3.0449,3.1395,3.2318,3.3221,3.4102,3.4964,3.5806,3.6630,3.7435,3.8223,3.8994,3.9749,4.0488,4.1211,4.1920,4.2614,4.3294,4.3960
10.8036,10.6236,10.4435,10.2635,10.0834,9.9033,9.7233,9.5432,9.3632,9.1831,9.0030,8.8230,8.6429,8.4629,8.2828,8.1027,7.9227,7.7426,7.5625,7.3825,7.2024,7.0224,6.8423,6.6622,6.4822,6.3021,6.1221,5.9420,5.7619,5.5819,5.4018,5.2218,5.0417,4.8616,4.6816,4.5015,4.3215,4.1414,3.9613,3.7813,3.6012,3.4212,3.2411,3.0610,2.8810,2.7009,2.5208,2.3408,2.1607,1.9807,1.8006,1.6205,1.4405,1.2604,1.0804,0.9003,0.7202,0.5402,0.3601,0.1801,0.0000,0.1772,0.3487,0.5149,0.6760,0.8322,0.9837,1.1308,1.2737,1.4125,1.5473,1.6784,1.8060,1.9301,2.0509,2.1685,2.2830,2.3947,2.5035,2.6095,2.7130,2.8140,2.9125,3.0087,3.1026,3.1943,3.2839,3.3715,3.4572,3.5409,3.6228,3.7029,3.7813,3.8580,3.9331,4.0066,4.0787,4.1492,4.2184,4.2861
10.8068,10.6296,10.4525,10.2753,10.0982,9.9210,9.7438,9.5667,9.3895,9.2124,9.0352,8.8580,8.6809,8.5037,8.3266,8.1494,7.9722,7.7951,7.6179,7.4408,7.2636,7.0864,6.9093,6.7321,6.5549,6.3778,6.2006,6.0235,5.8463,5.6691,5.4920,5.3148,5.1377,4.9605,4.7833,4.6062,4.4290,4.2519,4.0747,3.8975,3.7204,3.5432,3.3661,3.1889,3.0117,2.8346,2.6574,2.4803,2.3031,2.1259,1.9488,1.7716,1.5944,1.4173,1.2401,1.0630,0.8858,0.7086,0.5315,0.3543,0.1772,0.0000,0.1744,0.3433,0.5070,0.6658,0.8198,0.9693,1.1145,1.2555,1.3926,1.5259,1.6555,1.7816,1.9044,2.0239,2.1403,2.2538,2.3644,2.4722,2.5774,2.6800,2.7801,2.8778,2.9733,3.0665,3.1576,3.2467,3.3337,3.4188,3.5020,3.5834,3.6631,3.7411,3.8174,3.8922,3.9654,4.0371,4.1074,4.1762
10.8099,10.6355,10.4612,10.2868,10.1125,9.9381,9.7637,9.5894,9.4150,9.2407,9.0663,8.8920,8.7176,8.5433,8.3689,8.1946,8.0202,7.8459,7.6715,7.4972,7.3228,7.1485,6.9741,6.7998,6.6254,6.4510,6.2767,6.1023,5.9280,5.7536,5.5793,5.4049,5.2306,5.0562,4.8819,4.7075,4.5332,4.3588,4.1845,4.0101,3.8358,3.6614,3.4871,3.3127,3.1383,2.9640,2.7896,2.6153,2.4409,2.2666,2.0922,1.9179,1.7435,1.5692,1.3948,1.2205,1.0461,0.8718,0.6974,0.5231,0.3487,0.1744,0.0000,0.1716,0.3380,0.4993,0.6558,0.8077,0.9553,1.0986,1.2379,1.3733,1.5050,1.6331,1.7579,1.8793,1.9977,2.1129,2.2253,2.3349,2.4417,2.5460,2.6477,2.7470,2.8440,2.9388,3.0313,3.1218,3.2102,3.2967,3.3812,3.4640,3.5449,3.6242,3.7017,3.7777,3.8521,3.9249,3.9963,4.0663
10.8128,10.6412,10.4696,10.2979,10.1263,9.9547,9.7830,9.6114,9.4398,9.2681,9.0965,8.9249,8.7532,8.5816,8.4100,8.2383,8.0667,7.8951,7.7235,7.5518,7.3802,7.2086,7.0369,6.8653,6.6937,6.5220,6.3504,6.1788,6.0071,5.8355,5.6639,5.4922,5.3206,5.1490,4.9773,4.8057,4.6341,4.4624,4.2908,4.1192,3.9475,3.7759,3.6043,3.4326,3.2610,3.0894,2.9177,2.7461,2.5745,2.4029,2.2312,2.0596,1.8880,1.7163,1.5447,1.3731,1.2014,1.0298,0.8582,0.6865,0.5149,0.3433,0.1716,0.0000,0.1690,0.3329,0.4919,0.6462,0.7961,0.9416,1.0831,1.2207,1.3545,1.4847,1.6114,1.7348,1.8550,1.9721,2.0862,2.1975,2.3061,2.4120,2.5153,2.6162,2.7148,2.8110,2.9050,2.9969,3.0867,3.1746,3.2605,3.3445,3.4268,3.5073,3.5861,3.6632,3.7388,3.8128,3.8853,3.9564
10.8157,10.6467,10.4777,10.3087,10.1397,9.9707,9.8017,9.6327,9.4637,9.2947,9.1258,8.9568,8.7878,8.6188,8.4498,8.2808,8.1118,7.9428,7.7738,7.6048,7.4358,7.2668,7.0978,6.9288,6.7598,6.5908,6.4218,6.2528,6.0838,5.9148,5.7458,5.5768,5.4079,5.2389,5.0699,4.9009,4.7319,4.5629,4.3939,4.2249,4.0559,3.8869,3.7179,3.5489,3.3799,3.2109,3.0419,2.8729,2.7039,2.5349,2.3659,2.1969,2.0279,1.8589,1.6900,1.5210,1.3520,1.1830,1.0140,0.8450,0.6760,0.5070,0.3380,0.1690,0.0000,0.1664,0.3279,0.4846,0.6368,0.7847,0.9284,1.0681,1.2040,1.3362,1.4649,1.5902,1.7123,1.8312,1.9471,2.0602,2.1704,2.2780,2.3829,2.4854,2.5855,2.6832,2.7787,2.8720,2.9633,3.0525,3.1397,3.2251,3.3086,3.3903,3.4704,3.5487,3.6255,3.7007,3.7743,3.8465
10.8185,10.6521,10.4856,10.3192,10.1527,9.9863,9.8199,9.6534,9.4870,9.3205,9.1541,8.9877,8.8212,8.6548,8.4884,8.3219,8.1555,7.9890,7.8226,7.6562,7.4897,7.3233,7.1568,6.9904,6.8240,6.6575,6.4911,6.3247,6.1582,5.9918,5.8253,5.6589,5.4925,5.3260,5.1596,4.9932,4.8267,4.6603,4.4938,4.3274,4.1610,3.9945,3.8281,3.6616,3.4952,3.3288,3.1623,2.9959,2.8295,2.6630,2.4966,2.3301,2.1637,1.9973,1.8308,1.6644,1.4979,1.3315,1.1651,0.9986,0.8322,0.6658,0.4993,0.3329,0.1664,0.0000,0.1640,0.3231,0.4776,0.6278,0.7737,0.9155,1.0535,1.1877,1.3184,1.4456,1.5696,1.6903,1.8081,1.9228,2.0348,2.1440,2.2506,2.3546,2.4562,2.5554,2.6524,2.7472,2.8398,2.9304,3.0190,3.1056,3.1904,3.2734,3.3547,3.4343,3.5122,3.5885,3.6633,3.7366
10.8212,10.6572,10.4933,10.3293,10.1654,10.0014,9.8375,9.6735,9.5095,9.3456,9.1816,9.0177,8.8537,8.6898,8.5258,8.3618,8.1979,8.0339,7.8700,7.7060,7.5420,7.3781,7.2141,7.0502,6.8862,6.7223,6.5583,6.3943,6.2304,6.0664,5.9025,5.7385,5.5746,5.4106,5.2466,5.0827,4.9187,4.7548,4.5908,4.4269,4.2629,4.0989,3.9350,3.7710,3.6071,3.4431,3.2792,3.1152,2.9512,2.7873,2.6233,2.4594,2.2954,2.1314,1.9675,1.8035,1.6396,1.4756,1.3117,1.1477,0.9837,0.8198,0.6558,0.4919,0.3279,0.1640,0.0000,0.1615,0.3184,0.4708,0.6189,0.7629,0.9030,1.0393,1.1719,1.3011,1.4269,1.5495,1.6690,1.7855,1.8991,2.0100,2.1182,2.2238,2.3269,2.4277,2.5261,2.6223,2.7163,2.8083,2.8982,2.9862,3.0723,3.1565,3.2390,3.3198,3.3989,3.4764,3.5523,3.6267
10.8238,10.6623,10.5007,10.3392,10.1776,10.0161,9.8545,9.6930,9.5314,9.3699,9.2083,9.0468,8.8852,8.7237,8.5621,8.4006,8.2390,8.0775,7.9159,7.7544,7.5928,7.4313,7.2697,7.1082,6.9466,6.7851,6.6235,6.4620,6.3004,6.1389,5.9773,5.8158,5.6542,5.4927,5.3311,5.1696,5.0080,4.8465,4.6849,4.5234,4.3618,4.2003,4.0387,3.8772,3.7156,3.5541,3.3925,3.2310,3.0694,2.9079,2.7463,2.5848,2.4232,2.2617,2.1001,1.9386,1.7770,1.6155,1.4539,1.2924,1.1308,0.9693,0.8077,0.6462,0.4846,0.3231,0.1615,0.0000,0.1592,0.3139,0.4642,0.6103,0.7525,0.8908,1.0254,1.1565,1.2842,1.4086,1.5299,1.6481,1.7635,1.8760,1.9858,2.0930,2.1977,2.2999,2.3998,2.4974,2.5929,2.6862,2.7775,2.8667,2.9541,3.0396,3.1233,3.2053,3.2856,3.3642,3.4413,3.5168
10.8264,10.6672,10.5079,10.3487,10.1895,10.0303,9.8711,9.7119,9.5527,9.3935,9.2343,9.0750,8.9158,8.7566,8.5974,8.4382,8.2790,8.1198,7.9606,7.8014,7.6421,7.4829,7.3237,7.1645,7.0053,6.8461,6.6869,6.5277,6.3685,6.2092,6.0500,5.8908,5.7316,5.5724,5.4132,5.2540,5.0948,4.9356,4.7763,4.6171,4.4579,4.2987,4.1395,3.9803,3.8211,3.6619,3.5026,3.3434,3.1842,3.0250,2.8658,2.7066,2.5474,2.3882,2.2290,2.0697,1.9105,1.7513,1.5921,1.4329,1.2737,1.1145,0.9553,0.7961,0.6368,0.4776,0.3184,0.1592,0.0000,0.1569,0.3095,0.4578,0.6020,0.7423,0.8789,1.0120,1.1415,1.2678,1.3908,1.5108,1.6278,1.7420,1.8534,1.9622,2.0684,2.1721,2.2735,2.3726,2.4694,2.5641,2.6567,2.7473,2.8359,2.9227,3.0077,3.0908,3.1723,3.2521,3.3303,3.4069
10.8288,10.6719,10.5150,10.3580,10.2011,10.0441,9.8872,9.7303,9.5733,9.4164,9.2595,9.1025,8.9456,8.7886,8.6317,8.4748,8.3178,8.1609,8.0039,7.8470,7.6901,7.5331,7.3762,7.2192,7.0623,6.9054,6.7484,6.5915,6.4345,6.2776,6.1207,5.9637,5.8068,5.6498,5.4929,5.3360,5.1790,5.0221,4.8651,4.7082,4.5513,4.3943,4.2374,4.0804,3.9235,3.7666,3.6096,3.4527,3.2957,3.1388,2.9819,2.8249,2.6680,2.5110,2.3541,2.1972,2.0402,1.8833,1.7263,1.5694,1.4125,1.2555,1.0986,0.9416,0.7847,0.6278,0.4708,0.3139,0.1569,0.0000,0.1547,0.3052,0.4515,0.5939,0.7324,0.8674,0.9988,1.1269,1.2517,1.3734,1.4922,1.6080,1.7210,1.8314,1.9391,2.0444,2.1472,2.2477,2.3459,2.4420,2.5359,2.6278,2.7178,2.8058,2.8920,2.9764,3.0590,3.1400,3.2193,3.2970
10.8313,10.6765,10.5218,10.3671,10.2123,10.0576,9.9029,9.7481,9.5934,9.4387,9.2839,9.1292,8.9745,8.8197,8.6650,8.5103,8.3555,8.2008,8.0461,7.8913,7.7366,7.5819,7.4271,7.2724,7.1177,6.9630,6.8082,6.6535,6.4988,6.3440,6.1893,6.0346,5.8798,5.7251,5.5704,5.4156,5.2609,5.1062,4.9514,4.7967,4.6420,4.4872,4.3325,4.1778,4.0230,3.8683,3.7136,3.5588,3.4041,3.2494,3.0946,2.9399,2.7852,2.6304,2.4757,2.3210,2.1663,2.0115,1.8568,1.7021,1.5473,1.3926,1.2379,1.0831,0.9284,0.7737,0.6189,0.4642,0.3095,0.1547,0.0000,0.1526,0.3010,0.4454,0.5860,0.7228,0.8561,0.9860,1.1126,1.2361,1.3565,1.4740,1.5886,1.7005,1.8098,1.9166,2.0209,2.1228,2.2225,2.3199,2.4152,2.5084,2.5996,2.6889,2.7763,2.8619,2.9457,3.0278,3.1083,3.1871
10.8336,10.6810,10.5284,10.3758,10.2233,10.0707,9.9181,9.7655,9.6129,9.4603,9.3077,9.1552,9.0026,8.8500,8.6974,8.5448,8.3922,8.2396,8.0871,7.9345,7.7819,7.6293,7.4767,7.3241,7.1715,7.0189,6.8664,6.7138,6.5612,6.4086,6.2560,6.1034,5.9508,5.7983,5.6457,5.4931,5.3405,5.1879,5.0353,4.8827,4.7302,4.5776,4.4250,4.2724,4.1198,3.9672,3.8146,3.6621,3.5095,3.3569,3.2043,3.0517,2.8991,2.7465,2.5940,2.4414,2.2888,2.1362,1.9836,1.8310,1.6784,1.5259,1.3733,1.2207,1.0681,0.9155,0.7629,0.6103,0.4578,0.3052,0.1526,0.0000,0.1505,0.2969,0.4395,0.5783,0.7134,0.8452,0.9736,1.0988,1.2209,1.3400,1.4562,1.5697,1.6806,1.7888,1.8946,1.9979,2.0990,2.1978,2.2944,2.3890,2.4815,2.5720,2.6606,2.7474,2.8324,2.9157,2.9973,3.0772
10.8359,10.6854,10.5349,10.3844,10.2339,10.0834,9.9329,9.7824,9.6319,9.4814,9.3309,9.1804,9.0299,8.8794,8.7289,8.5784,8.4279,8.2774,8.1269,7.9764,7.8259,7.6754,7.5249,7.3744,7.2239,7.0734,6.9229,6.7724,6.6219,6.4714,6.3209,6.1704,6.0199,5.8694,5.7189,5.5684,5.4179,5.2674,5.1169,4.9664,4.8159,4.6654,4.5149,4.3644,4.2140,4.0635,3.9130,3.7625,3.6120,3.4615,3.3110,3.1605,3.0100,2.8595,2.7090,2.5585,2.4080,2.2575,2.1070,1.9565,1.8060,1.6555,1.5050,1.3545,1.2040,1.0535,0.9030,0.7525,0.6020,0.4515,0.3010,0.1505,0.0000,0.1485,0.2930,0.4337,0.5708,0.7043,0.8345,0.9614,1.0852,1.2060,1.3239,1.4389,1.5513,1.6610,1.7683,1.8731,1.9755,2.0757,2.1737,2.2695,2.3633,2.4551,2.5449,2.6329,2.7191,2.8035,2.8862,2.9673
10.8381,10.6896,10.5412,10.3927,10.2442,10.0958,9.9473,9.7988,9.6504,9.5019,9.3534,9.2050,9.0565,8.9080,8.7595,8.6111,8.4626,8.3141,8.1657,8.0172,7.8687,7.7203,7.5718,7.4233,7.2749,7.1264,6.9779,6.8295,6.6810,6.5325,6.3841,6.2356,6.0871,5.9387,5.7902,5.6417,5.4933,5.3448,5.1963,5.0479,4.8994,4.7509,4.6025,4.4540,4.3055,4.1571,4.0086,3.8601,3.7117,3.5632,3.4147,3.2663,3.1178,2.9693,2.8209,2.6724,2.5239,2.3755,2.2270,2.0785,1.9301,1.7816,1.6331,1.4847,1.3362,1.1877,1.0393,0.8908,0.7423,0.5939,0.4454,0.2969,0.1485,0.0000,0.1465,0.2891,0.4281,0.5634,0.6954,0.8241,0.9496,1.0720,1.1915,1.3081,1.4220,1.5333,1.6420,1.7482,1.8520,1.9536,2.0529,2.1501,2.2451,2.3382,2.4293,2.5185,2.6058,2.6914,2.7752,2.8574
10.8402,10.6938,10.5473,10.4008,10.2543,10.1078,9.9613,9.8148,9.6683,9.5218,9.3753,9.2289,9.0824,8.9359,8.7894,8.6429,8.4964,8.3499,8.2034,8.0569,7.9104,7.7640,7.6175,7.4710,7.3245,7.1780,7.0315,6.8850,6.7385,6.5920,6.4455,6.2991,6.1526,6.0061,5.8596,5.7131,5.5666,5.4201,5.2736,5.1271,4.9807,4.8342,4.6877,4.5412,4.3947,4.2482,4.1017,3.9552,3.8087,3.6622,3.5158,3.3693,3.2228,3.0763,2.9298,2.7833,2.6368,2.4903,2.3438,2.1973,2.0509,1.9044,1.7579,1.6114,1.4649,1.3184,1.1719,1.0254,0.8789,0.7324,0.5860,0.4395,0.2930,0.1465,0.0000,0.1446,0.2854,0.4226,0.5563,0.6867,0.8139,0.9380,1.0591,1.1773,1.2927,1.4055,1.5157,1.6233,1.7286,1.8315,1.9321,2.0306,2.1270,2.2213,2.3136,2.4040,2.4925,2.5792,2.6642,2.7475
10.8423,10.6978,10.5532,10.4086,10.2641,10.1195,9.9750,9.8304,9.6858,9.5413,9.3967,9.2521,9.1076,8.9630,8.8184,8.6739,8.5293,8.3847,8.2402,8.0956,7.9511,7.8065,7.6619,7.5174,7.3728,7.2282,7.0837,6.9391,6.7945,6.6500,6.5054,6.3608,6.2163,6.0717,5.9271,5.7826,5.6380,5.4935,5.3489,5.2043,5.0598,4.9152,4.7706,4.6261,4.4815,4.3369,4.1924,4.0478,3.9032,3.7587,3.6141,3.4695,3.3250,3.1804,3.0359,2.8913,2.7467,2.6022,2.4576,2.3130,2.1685,2.0239,1.8793,1.7348,1.5902,1.4456,1.3011,1.1565,1.0120,0.8674,0.7228,0.5783,0.4337,0.2891,0.1446,0.0000,0.1427,0.2817,0.4172,0.5494,0.6783,0.8040,0.9267,1.0465,1.1635,1.2777,1.3894,1.4985,1.6051,1.7094,1.8114,1.9112,2.0088,2.1044,2.1979,2.2895,2.3792,2.4671,2.5532,2.6376
10.8444,10.7017,10.5590,10.4163,10.2736,10.1309,9.9883,9.8456,9.7029,9.5602,9.4175,9.2748,9.1321,8.9894,8.8467,8.7040,8.5614,8.4187,8.2760,8.1333,7.9906,7.8479,7.7052,7.5625,7.4198,7.2772,7.1345,6.9918,6.8491,6.7064,6.5637,6.4210,6.2783,6.1356,5.9930,5.8503,5.7076,5.5649,5.4222,5.2795,5.1368,4.9941,4.8514,4.7087,4.5661,4.4234,4.2807,4.1380,3.9953,3.8526,3.7099,3.5672,3.4245,3.2819,3.1392,2.9965,2.8538,2.7111,2.5684,2.4257,2.2830,2.1403,1.9977,1.8550,1.7123,1.5696,1.4269,1.2842,1.1415,0.9988,0.8561,0.7134,0.5708,0.4281,0.2854,0.1427,0.0000,0.1409,0.2782,0.4120,0.5426,0.6700,0.7943,0.9157,1.0342,1.1500,1.2631,1.3736,1.4816,1.5873,1.6906,1.7917,1.8906,1.9874,2.0822,2.1750,2.2659,2.3550,2.4422,2.5277
10.8464,10.7055,10.5647,10.4238,10.2829,10.1421,10.0012,9.8603,9.7195,9.5786,9.4378,9.2969,9.1560,9.0152,8.8743,8.7334,8.5926,8.4517,8.3109,8.1700,8.0291,7.8883,7.7474,7.6066,7.4657,7.3248,7.1840,7.0431,6.9022,6.7614,6.6205,6.4797,6.3388,6.1979,6.0571,5.9162,5.7753,5.6345,5.4936,5.3528,5.2119,5.0710,4.9302,4.7893,4.6484,4.5076,4.3667,4.2259,4.0850,3.9441,3.8033,3.6624,3.5216,3.3807,3.2398,3.0990,2.9581,2.8172,2.6764,2.5355,2.3947,2.2538,2.1129,1.9721,1.8312,1.6903,1.5495,1.4086,1.2678,1.1269,0.9860,0.8452,0.7043,0.5634,0.4226,0.2817,0.1409,0.0000,0.1391,0.2747,0.4070,0.5360,0.6619,0.7849,0.9049,1.0222,1.1367,1.2487,1.3582,1.4652,1.5699,1.6723,1.7725,1.8705,1.9665,2.0606,2.1526,2.2428,2.3312,2.4178
10.8483,10.7092,10.5702,10.4311,10.2920,10.1529,10.0138,9.8748,9.7357,9.5966,9.4575,9.3184,9.1793,9.0403,8.9012,8.7621,8.6230,8.4839,8.3449,8.2058,8.0667,7.9276,7.7885,7.6495,7.5104,7.3713,7.2322,7.0931,6.9541,6.8150,6.6759,6.5368,6.3977,6.2586,6.1196,5.9805,5.8414,5.7023,5.5632,5.4242,5.2851,5.1460,5.0069,4.8678,4.7288,4.5897,4.4506,4.3115,4.1724,4.0333,3.8943,3.7552,3.6161,3.4770,3.3379,3.1989,3.0598,2.9207,2.7816,2.6425,2.5035,2.3644,2.2253,2.0862,1.9471,1.8081,1.6690,1.5299,1.3908,1.2517,1.1126,0.9736,0.8345,0.6954,0.5563,0.4172,0.2782,0.1391,0.0000,0.1373,0.2713,0.4020,0.5295,0.6541,0.7756,0.8944,1.0104,1.1238,1.2347,1.3431,1.4491,1.5528,1.6543,1.7536,1.8509,1.9461,2.0393,2.1307,2.2202,2.3079
10.8502,10.7129,10.5755,10.4382,10.3008,10.1635,10.0261,9.8888,9.7515,9.6141,9.4768,9.3394,9.2021,9.0647,8.9274,8.7900,8.6527,8.5154,8.3780,8.2407,8.1033,7.9660,7.8286,7.6913,7.5539,7.4166,7.2793,7.1419,7.0046,6.8672,6.7299,6.5925,6.4552,6.3178,6.1805,6.0432,5.9058,5.7685,5.6311,5.4938,5.3564,5.2191,5.0817,4.9444,4.8071,4.6697,4.5324,4.3950,4.2577,4.1203,3.9830,3.8456,3.7083,3.5710,3.4336,3.2963,3.1589,3.0216,2.8842,2.7469,2.6095,2.4722,2.3349,2.1975,2.0602,1.9228,1.7855,1.6481,1.5108,1.3734,1.2361,1.0988,0.9614,0.8241,0.6867,0.5494,0.4120,0.2747,0.1373,0.0000,0.1357,0.2680,0.3972,0.5232,0.6464,0.7666,0.8841,0.9990,1.1112,1.2210,1.3283,1.4334,1.5361,1.6367,1.7352,1.8316,1.9260,2.0185,2.1092,2.1980
10.8521,10.7164,10.5808,10.4451,10.3095,10.1738,10.0382,9.9025,9.7669,9.6312,9.4956,9.3599,9.2243,9.0886,8.9529,8.8173,8.6816,8.5460,8.4103,8.2747,8.1390,8.0034,7.8677,7.7321,7.5964,7.4608,7.3251,7.1895,7.0538,6.9182,6.7825,6.6469,6.5112,6.3756,6.2399,6.1043,5.9686,5.8330,5.6973,5.5617,5.4260,5.2904,5.1547,5.0191,4.8834,4.7478,4.6121,4.4765,4.3408,4.2052,4.0695,3.9339,3.7982,3.6626,3.5269,3.3913,3.2556,3.1200,2.9843,2.8487,2.7130,2.5774,2.4417,2.3061,2.1704,2.0348,1.8991,1.7635,1.6278,1.4922,1.3565,1.2209,1.0852,0.9496,0.8139,0.6783,0.5426,0.4070,0.2713,0.1357,0.0000,0.1340,0.2648,0.3924,0.5171,0.6389,0.7578,0.8741,0.9878,1.0989,1.2076,1.3139,1.4180,1.5198,1.6195,1.7171,1.8127,1.9064,1.9982,2.0881
10.8539,10.7199,10.5859,10.4519,10.3179,10.1839,10.0499,9.9159,9.7819,9.6479,9.5139,9.3799,9.2459,9.1119,8.9779,8.8439,8.7099,8.5759,8.4419,8.3079,8.1739,8.0399,7.9059,7.7719,7.6379,7.5039,7.3699,7.2359,7.1019,6.9679,6.8339,6.6999,6.5659,6.4319,6.2979,6.1639,6.0299,5.8959,5.7619,5.6279,5.4939,5.3599,5.2259,5.0919,4.9579,4.8239,4.6899,4.5559,4.4219,4.2879,4.1539,4.0199,3.8860,3.7520,3.6180,3.4840,3.3500,3.2160,3.0820,2.9480,2.8140,2.6800,2.5460,2.4120,2.2780,2.1440,2.0100,1.8760,1.7420,1.6080,1.4740,1.3400,1.2060,1.0720,0.9380,0.8040,0.6700,0.5360,0.4020,0.2680,0.1340,0.0000,0.1324,0.2616,0.3878,0.5111,0.6315,0.7492,0.8643,0.9768,1.0868,1.1945,1.2998,1.4029,1.5038,1.6027,1.6994,1.7943,1.8872,1.9782
10.8556,10.7232,10.5908,10.4585,10.3261,10.1937,10.0613,9.9289,9.7965,9.6641,9.5318,9.3994,9.2670,9.1346,9.0022,8.8698,8.7375,8.6051,8.4727,8.3403,8.2079,8.0755,7.9431,7.8108,7.6784,7.5460,7.4136,7.2812,7.1488,7.0164,6.8841,6.7517,6.6193,6.4869,6.3545,6.2221,6.0897,5.9574,5.8250,5.6926,5.5602,5.4278,5.2954,5.1630,5.0307,4.8983,4.7659,4.6335,4.5011,4.3687,4.2363,4.1040,3.9716,3.8392,3.7068,3.5744,3.4420,3.3096,3.1773,3.0449,2.9125,2.7801,2.6477,2.5153,2.3829,2.2506,2.1182,1.9858,1.8534,1.7210,1.5886,1.4562,1.3239,1.1915,1.0591,0.9267,0.7943,0.6619,0.5295,0.3972,0.2648,0.1324,0.0000,0.1308,0.2585,0.3833,0.5052,0.6244,0.7408,0.8547,0.9661,1.0750,1.1816,1.2860,1.3881,1.4882,1.5861,1.6821,1.7762,1.8683
10.8573,10.7265,10.5957,10.4649,10.3341,10.2033,10.0725,9.9417,9.8108,9.6800,9.5492,9.4184,9.2876,9.1568,9.0260,8.8952,8.7644,8.6335,8.5027,8.3719,8.2411,8.1103,7.9795,7.8487,7.7179,7.5871,7.4562,7.3254,7.1946,7.0638,6.9330,6.8022,6.6714,6.5406,6.4098,6.2789,6.1481,6.0173,5.8865,5.7557,5.6249,5.4941,5.3633,5.2325,5.1016,4.9708,4.8400,4.7092,4.5784,4.4476,4.3168,4.1860,4.0551,3.9243,3.7935,3.6627,3.5319,3.4011,3.2703,3.1395,3.0087,2.8778,2.7470,2.6162,2.4854,2.3546,2.2238,2.0930,1.9622,1.8314,1.7005,1.5697,1.4389,1.3081,1.1773,1.0465,0.9157,0.7849,0.6541,0.5232,0.3924,0.2616,0.1308,0.0000,0.1293,0.2555,0.3789,0.4995,0.6173,0.7326,0.8453,0.9556,1.0635,1.1691,1.2725,1.3737,1.4729,1.5700,1.6651,1.7584
10.8590,10.7297,10.6005,10.4712,10.3419,10.2126,10.0834,9.9541,9.8248,9.6955,9.5663,9.4370,9.3077,9.1785,9.0492,8.9199,8.7906,8.6614,8.5321,8.4028,8.2735,8.1443,8.0150,7.8857,7.7564,7.6272,7.4979,7.3686,7.2393,7.1101,6.9808,6.8515,6.7222,6.5930,6.4637,6.3344,6.2052,6.0759,5.9466,5.8173,5.6881,5.5588,5.4295,5.3002,5.1710,5.0417,4.9124,4.7831,4.6539,4.5246,4.3953,4.2660,4.1368,4.0075,3.8782,3.7489,3.6197,3.4904,3.3611,3.2318,3.1026,2.9733,2.8440,2.7148,2.5855,2.4562,2.3269,2.1977,2.0684,1.9391,1.8098,1.6806,1.5513,1.4220,1.2927,1.1635,1.0342,0.9049,0.7756,0.6464,0.5171,0.3878,0.2585,0.1293,0.0000,0.1278,0.2526,0.3746,0.4939,0.6105,0.7246,0.8361,0.9453,1.0522,1.1568,1.2592,1.3596,1.4578,1.5541,1.6485
10.8607,10.7329,10.6051,10.4773,10.3496,10.2218,10.0940,9.9662,9.8385,9.7107,9.5829,9.4552,9.3274,9.1996,9.0718,8.9441,8.8163,8.6885,8.5607,8.4330,8.3052,8.1774,8.0497,7.9219,7.7941,7.6663,7.5386,7.4108,7.2830,7.1553,7.0275,6.8997,6.7719,6.6442,6.5164,6.3886,6.2608,6.1331,6.0053,5.8775,5.7498,5.6220,5.4942,5.3664,5.2387,5.1109,4.9831,4.8553,4.7276,4.5998,4.4720,4.3443,4.2165,4.0887,3.9609,3.8332,3.7054,3.5776,3.4499,3.3221,3.1943,3.0665,2.9388,2.8110,2.6832,2.5554,2.4277,2.2999,2.1721,2.0444,1.9166,1.7888,1.6610,1.5333,1.4055,1.2777,1.1500,1.0222,0.8944,0.7666,0.6389,0.5111,0.3833,0.2555,0.1278,0.0000,0.1263,0.2497,0.3704,0.4884,0.6038,0.7167,0.8272,0.9353,1.0411,1.1448,1.2463,1.3457,1.4431,1.5386
10.8622,10.7359,10.6096,10.4833,10.3570,10.2307,10.1044,9.9781,9.8518,9.7255,9.5992,9.4729,9.3466,9.2203,9.0940,8.9677,8.8414,8.7151,8.5888,8.4625,8.3361,8.2098,8.0835,7.9572,7.8309,7.7046,7.5783,7.4520,7.3257,7.1994,7.0731,6.9468,6.8205,6.6942,6.5679,6.4416,6.3153,6.1890,6.0627,5.9363,5.8100,5.6837,5.5574,5.4311,5.3048,5.1785,5.0522,4.9259,4.7996,4.6733,4.5470,4.4207,4.2944,4.1681,4.0418,3.9155,3.7892,3.6629,3.5365,3.4102,3.2839,3.1576,3.0313,2.9050,2.7787,2.6524,2.5261,2.3998,2.2735,2.1472,2.0209,1.8946,1.7683,1.6420,1.5157,1.3894,1.2631,1.1367,1.0104,0.8841,0.7578,0.6315,0.5052,0.3789,0.2526,0.1263,0.0000,0.1249,0.2469,0.3663,0.4830,0.5972,0.7090,0.8184,0.9254,1.0303,1.1330,1.2336,1.3321,1.4287
10.8638,10.7389,10.6141,10.4892,10.3643,10.2395,10.1146,9.9897,9.8648,9.7400,9.6151,9.4902,9.3654,9.2405,9.1156,8.9907,8.8659,8.7410,8.6161,8.4913,8.3664,8.2415,8.1166,7.9918,7.8669,7.7420,7.6172,7.4923,7.3674,7.2425,7.1177,6.9928,6.8679,6.7431,6.6182,6.4933,6.3684,6.2436,6.1187,5.9938,5.8690,5.7441,5.6192,5.4943,5.3695,5.2446,5.1197,4.9949,4.8700,4.7451,4.6202,4.4954,4.3705,4.2456,4.1208,3.9959,3.8710,3.7461,3.6213,3.4964,3.3715,3.2467,3.1218,2.9969,2.8720,2.7472,2.6223,2.4974,2.3726,2.2477,2.1228,1.9979,1.8731,1.7482,1.6233,1.4985,1.3736,1.2487,1.1238,0.9990,0.8741,0.7492,0.6244,0.4995,0.3746,0.2497,0.1249,0.0000,0.1235,0.2442,0.3623,0.4778,0.5908,0.7015,0.8098,0.9158,1.0197,1.1214,1.2211,1.3188
10.8653,10.7419,10.6184,10.4949,10.3715,10.2480,10.1245,10.0011,9.8776,9.7541,9.6306,9.5072,9.3837,9.2602,9.1368,9.0133,8.8898,8.7664,8.6429,8.5194,8.3959,8.2725,8.1490,8.0255,7.9021,7.7786,7.6551,7.5317,7.4082,7.2847,7.1612,7.0378,6.9143,6.7908,6.6674,6.5439,6.4204,6.2970,6.1735,6.0500,5.9265,5.8031,5.6796,5.5561,5.4327,5.3092,5.1857,5.0623,4.9388,4.8153,4.6919,4.5684,4.4449,4.3214,4.1980,4.0745,3.9510,3.8276,3.7041,3.5806,3.4572,3.3337,3.2102,3.0867,2.9633,2.8398,2.7163,2.5929,2.4694,2.3459,2.2225,2.0990,1.9755,1.8520,1.7286,1.6051,1.4816,1.3582,1.2347,1.1112,0.9878,0.8643,0.7408,0.6173,0.4939,0.3704,0.2469,0.1235,0.0000,0.1221,0.2415,0.3583,0.4727,0.5845,0.6941,0.8013,0.9064,1.0093,1.1101,1.2089
10.8668,10.7447,10.6226,10.5005,10.3784,10.2563,10.1342,10.0121,9.8900,9.7679,9.6458,9.5237,9.4016,9.2795,9.1574,9.0353,8.9132,8.7911,8.6690,8.5469,8.4249,8.3028,8.1807,8.0586,7.9365,7.8144,7.6923,7.5702,7.4481,7.3260,7.2039,7.0818,6.9597,6.8376,6.7155,6.5934,6.4713,6.3492,6.2271,6.1050,5.9829,5.8608,5.7387,5.6166,5.4945,5.3724,5.2503,5.1282,5.0061,4.8840,4.7619,4.6398,4.5177,4.3956,4.2735,4.1514,4.0293,3.9072,3.7851,3.6630,3.5409,3.4188,3.2967,3.1746,3.0525,2.9304,2.8083,2.6862,2.5641,2.4420,2.3199,2.1978,2.0757,1.9536,1.8315,1.7094,1.5873,1.4652,1.3431,1.2210,1.0989,0.9768,0.8547,0.7326,0.6105,0.4884,0.3663,0.2442,0.1221,0.0000,0.1208,0.2389,0.3545,0.4676,0.5784,0.6869,0.7931,0.8971,0.9991,1.0990
10.8683,10.7475,10.6268,10.5060,10.3853,10.2645,10.1437,10.0230,9.9022,9.7815,9.6607,9.5400,9.4192,9.2984,9.1777,9.0569,8.9362,8.8154,8.6946,8.5739,8.4531,8.3324,8.2116,8.0908,7.9701,7.8493,7.7286,7.6078,7.4870,7.3663,7.2455,7.1248,7.0040,6.8833,6.7625,6.6417,6.5210,6.4002,6.2795,6.1587,6.0379,5.9172,5.7964,5.6757,5.5549,5.4341,5.3134,5.1926,5.0719,4.9511,4.8304,4.7096,4.5888,4.4681,4.3473,4.2266,4.1058,3.9850,3.8643,3.7435,3.6228,3.5020,3.3812,3.2605,3.1397,3.0190,2.8982,2.7775,2.6567,2.5359,2.4152,2.2944,2.1737,2.0529,1.9321,1.8114,1.6906,1.5699,1.4491,1.3283,1.2076,1.0868,0.9661,0.8453,0.7246,0.6038,0.4830,0.3623,0.2415,0.1208,0.0000,0.1194,0.2363,0.3507,0.4627,0.5724,0.6798,0.7850,0.8881,0.9891
10.8697,10.7503,10.6308,10.5114,10.3919,10.2725,10.1530,10.0336,9.9141,9.7947,9.6753,9.5558,9.4364,9.3169,9.1975,9.0780,8.9586,8.8391,8.7197,8.6002,8.4808,8.3613,8.2419,8.1224,8.0030,7.8835,7.7641,7.6446,7.5252,7.4057,7.2863,7.1669,7.0474,6.9280,6.8085,6.6891,6.5696,6.4502,6.3307,6.2113,6.0918,5.9724,5.8529,5.7335,5.6140,5.4946,5.3751,5.2557,5.1362,5.0168,4.8973,4.7779,4.6585,4.5390,4.4196,4.3001,4.1807,4.0612,3.9418,3.8223,3.7029,3.5834,3.4640,3.3445,3.2251,3.1056,2.9862,2.8667,2.7473,2.6278,2.5084,2.3890,2.2695,2.1501,2.0306,1.9112,1.7917,1.6723,1.5528,1.4334,1.3139,1.1945,1.0750,0.9556,0.8361,0.7167,0.5972,0.4778,0.3583,0.2389,0.1194,0.0000,0.1182,0.2338,0.3470,0.4579,0.5665,0.6728,0.7771,0.8792
10.8711,10.7530,10.6348,10.5166,10.3985,10.2803,10.1621,10.0440,9.9258,9.8076,9.6895,9.5713,9.4532,9.3350,9.2168,9.0987,8.9805,8.8623,8.7442,8.6260,8.5078,8.3897,8.2715,8.1533,8.0352,7.9170,7.7989,7.6807,7.5625,7.4444,7.3262,7.2080,7.0899,6.9717,6.8535,6.7354,6.6172,6.4990,6.3809,6.2627,6.1445,6.0264,5.9082,5.7901,5.6719,5.5537,5.4356,5.3174,5.1992,5.0811,4.9629,4.8447,4.7266,4.6084,4.4902,4.3721,4.2539,4.1358,4.0176,3.8994,3.7813,3.6631,3.5449,3.4268,3.3086,3.1904,3.0723,2.9541,2.8359,2.7178,2.5996,2.4815,2.3633,2.2451,2.1270,2.0088,1.8906,1.7725,1.6543,1.5361,1.4180,1.2998,1.1816,1.0635,0.9453,0.8272,0.7090,0.5908,0.4727,0.3545,0.2363,0.1182,0.0000,0.1169,0.2314,0.3434,0.4532,0.5607,0.6661,0.7693
10.8725,10.7556,10.6387,10.5218,10.4049,10.2880,10.1710,10.0541,9.9372,9.8203,9.7034,9.5865,9.4696,9.3527,9.2358,9.1189,9.0020,8.8851,8.7681,8.6512,8.5343,8.4174,8.3005,8.1836,8.0667,7.9498,7.8329,7.7160,7.5991,7.4821,7.3652,7.2483,7.1314,7.0145,6.8976,6.7807,6.6638,6.5469,6.4300,6.3131,6.1962,6.0792,5.9623,5.8454,5.7285,5.6116,5.4947,5.3778,5.2609,5.1440,5.0271,4.9102,4.7933,4.6763,4.5594,4.4425,4.3256,4.2087,4.0918,3.9749,3.8580,3.7411,3.6242,3.5073,3.3903,3.2734,3.1565,3.0396,2.9227,2.8058,2.6889,2.5720,2.4551,2.3382,2.2213,2.1044,1.9874,1.8705,1.7536,1.6367,1.5198,1.4029,1.2860,1.1691,1.0522,0.9353,0.8184,0.7015,0.5845,0.4676,0.3507,0.2338,0.1169,0.0000,0.1157,0.2290,0.3399,0.4486,0.5550,0.6594
10.8738,10.7582,10.6425,10.5268,10.4111,10.2954,10.1798,10.0641,9.9484,9.8327,9.7170,9.6014,9.4857,9.3700,9.2543,9.1386,9.0230,8.9073,8.7916,8.6759,8.5603,8.4446,8.3289,8.2132,8.0975,7.9819,7.8662,7.7505,7.6348,7.5191,7.4035,7.2878,7.1721,7.0564,6.9407,6.8251,6.7094,6.5937,6.4780,6.3624,6.2467,6.1310,6.0153,5.8996,5.7840,5.6683,5.5526,5.4369,5.3212,5.2056,5.0899,4.9742,4.8585,4.7428,4.6272,4.5115,4.3958,4.2801,4.1644,4.0488,3.9331,3.8174,3.7017,3.5861,3.4704,3.3547,3.2390,3.1233,3.0077,2.8920,2.7763,2.6606,2.5449,2.4293,2.3136,2.1979,2.0822,1.9665,1.8509,1.7352,1.6195,1.5038,1.3881,1.2725,1.1568,1.0411,0.9254,0.8098,0.6941,0.5784,0.4627,0.3470,0.2314,0.1157,0.0000,0.1145,0.2266,0.3364,0.4440,0.5495
10.8751,10.7607,10.6462,10.5317,10.4172,10.3028,10.1883,10.0738,9.9593,9.8449,9.7304,9.6159,9.5014,9.3870,9.2725,9.1580,9.0435,8.9291,8.8146,8.7001,8.5856,8.4712,8.3567,8.2422,8.1277,8.0133,7.8988,7.7843,7.6698,7.5554,7.4409,7.3264,7.2119,7.0975,6.9830,6.8685,6.7540,6.6396,6.5251,6.4106,6.2961,6.1817,6.0672,5.9527,5.8382,5.7238,5.6093,5.4948,5.3803,5.2659,5.1514,5.0369,4.9224,4.8080,4.6935,4.5790,4.4645,4.3501,4.2356,4.1211,4.0066,3.8922,3.7777,3.6632,3.5487,3.4343,3.3198,3.2053,3.0908,2.9764,2.8619,2.7474,2.6329,2.5185,2.4040,2.2895,2.1750,2.0606,1.9461,1.8316,1.7171,1.6027,1.4882,1.3737,1.2592,1.1448,1.0303,0.9158,0.8013,0.6869,0.5724,0.4579,0.3434,0.2290,0.1145,0.0000,0.1133,0.2243,0.3330,0.4396
10.8764,10.7631,10.6498,10.5365,10.4233,10.3100,10.1967,10.0834,9.9701,9.8568,9.7435,9.6302,9.5169,9.4036,9.2903,9.1770,9.0637,8.9504,8.8371,8.7238,8.6105,8.4972,8.3839,8.2706,8.1573,8.0440,7.9307,7.8174,7.7041,7.5908,7.4775,7.3643,7.2510,7.1377,7.0244,6.9111,6.7978,6.6845,6.5712,6.4579,6.3446,6.2313,6.1180,6.0047,5.8914,5.7781,5.6648,5.5515,5.4382,5.3249,5.2116,5.0983,4.9850,4.8717,4.7584,4.6451,4.5318,4.4186,4.3053,4.1920,4.0787,3.9654,3.8521,3.7388,3.6255,3.5122,3.3989,3.2856,3.1723,3.0590,2.9457,2.8324,2.7191,2.6058,2.4925,2.3792,2.2659,2.1526,2.0393,1.9260,1.8127,1.6994,1.5861,1.4729,1.3596,1.2463,1.1330,1.0197,0.9064,0.7931,0.6798,0.5665,0.4532,0.3399,0.2266,0.1133,0.0000,0.1121,0.2220,0.3297
10.8777,10.7656,10.6534,10.5413,10.4291,10.3170,10.2048,10.0927,9.9806,9.8684,9.7563,9.6441,9.5320,9.4199,9.3077,9.1956,9.0834,8.9713,8.8592,8.7470,8.6349,8.5227,8.4106,8.2984,8.1863,8.0742,7.9620,7.8499,7.7377,7.6256,7.5135,7.4013,7.2892,7.1770,7.0649,6.9528,6.8406,6.7285,6.6163,6.5042,6.3920,6.2799,6.1678,6.0556,5.9435,5.8313,5.7192,5.6071,5.4949,5.3828,5.2706,5.1585,5.0464,4.9342,4.8221,4.7099,4.5978,4.4856,4.3735,4.2614,4.1492,4.0371,3.9249,3.8128,3.7007,3.5885,3.4764,3.3642,3.2521,3.1400,3.0278,2.9157,2.8035,2.6914,2.5792,2.4671,2.3550,2.2428,2.1307,2.0185,1.9064,1.7943,1.6821,1.5700,1.4578,1.3457,1.2336,1.1214,1.0093,0.8971,0.7850,0.6728,0.5607,0.4486,0.3364,0.2243,0.1121,0.0000,0.1110,0.2198
10.8789,10.7679,10.6569,10.5459,10.4349,10.3239,10.2129,10.1019,9.9909,9.8798,9.7688,9.6578,9.5468,9.4358,9.3248,9.2138,9.1028,8.9918,8.8808,8.7697,8.6587,8.5477,8.4367,8.3257,8.2147,8.1037,7.9927,7.8817,7.7707,7.6597,7.5486,7.4376,7.3266,7.2156,7.1046,6.9936,6.8826,6.7716,6.6606,6.5496,6.4385,6.3275,6.2165,6.1055,5.9945,5.8835,5.7725,5.6615,5.5505,5.4395,5.3285,5.2174,5.1064,4.9954,4.8844,4.7734,4.6624,4.5514,4.4404,4.3294,4.2184,4.1074,3.9963,3.8853,3.7743,3.6633,3.5523,3.4413,3.3303,3.2193,3.1083,2.9973,2.8862,2.7752,2.6642,2.5532,2.4422,2.3312,2.2202,2.1092,1.9982,1.8872,1.7762,1.6651,1.5541,1.4431,1.3321,1.2211,1.1101,0.9991,0.8881,0.7771,0.6661,0.5550,0.4440,0.3330,0.2220,0.1110,0.0000,0.1099
10.8801,10.7702,10.6603,10.5504,10.4405,10.3306,10.2207,10.1108,10.0009,9.8910,9.7811,9.6712,9.5613,9.4514,9.3415,9.2316,9.1217,9.0118,8.9019,8.7920,8.6821,8.5722,8.4623,8.3524,8.2425,8.1326,8.0227,7.9128,7.8029,7.6930,7.5831,7.4732,7.3633,7.2534,7.1435,7.0336,6.9237,6.8138,6.7039,6.5940,6.4841,6.3742,6.2643,6.1544,6.0445,5.9346,5.8247,5.7148,5.6049,5.4950,5.3851,5.2752,5.1653,5.0554,4.9455,4.8356,4.7257,4.6158,4.5059,4.3960,4.2861,4.1762,4.0663,3.9564,3.8465,3.7366,3.6267,3.5168,3.4069,3.2970,3.1871,3.0772,2.9673,2.8574,2.7475,2.6376,2.5277,2.4178,2.3079,2.1980,2.0881,1.9782,1.8683,1.7584,1.6485,1.5386,1.4287,1.3188,1.2089,1.0990,0.9891,0.8792,0.7693,0.6594,0.5495,0.4396,0.3297,0.2198,0.1099,0.0000
